╨п╥Ы,аЖа║╦М,ц╓╪Жю╖д║,а╤╩Гюо,╪Ж©б(║и),pH,DO(╖╥/L),еУ╦М╣╣,е╧╣╣,Chl-a (╖╥/╖╘),ю╞гьЁ╡а╤╥Ы ╪╪фВ╪Ж (cells/╖╒),Microcystis,Anabaena,Oscillatoria,Aphanizomenon,аЖ©ю╫╨╧н,2MIB,Microcystin-LR (╔Лg/L)
гоц╣,╫бцл╨╦,╠╓╩Й,2012-01-23,5.9,8.4,12.9,,,96.9,0.0,0.0,0.0,0.0,0.0,,,
гоц╣,╫бцл╨╦,╠╓╩Й,2012-01-24,4.6,7.7,14.4,,,56.9,0.0,0.0,0.0,0.0,0.0,,,
гоц╣,╫бцл╨╦,╠╓╩Й,2012-01-26,4.2,8.4,15.4,,,70.4,0.0,0.0,0.0,0.0,0.0,,,
гоц╣,╫бцл╨╦,╠╓╩Й,2012-01-27,4.3,7.9,15.6,,,75.5,0.0,0.0,0.0,0.0,0.0,,,
гоц╣,╫бцл╨╦,╠╓╩Й,2012-01-30,5.9,8.5,16.3,,,54.4,0.0,0.0,0.0,0.0,0.0,,,
гоц╣,╫бцл╨╦,╠╓╩Й,2012-01-05,6.3,8.0,14.2,,,23.6,0.0,0.0,0.0,0.0,0.0,,,
гоц╣,╫бцл╨╦,╠╓╩Й,2012-01-09,5.9,7.9,14.3,,,25.4,0.0,0.0,0.0,0.0,0.0,,,
гоц╣,╫бцл╨╦,╠╓╩Й,2012-01-12,5.1,7.6,13.5,,,33.4,0.0,0.0,0.0,0.0,0.0,,,
гоц╣,╫бцл╨╦,╠╓╩Й,2012-01-17,8.2,8.3,14.3,,,73.4,0.0,0.0,0.0,0.0,0.0,,,
гоц╣,╫бцл╨╦,╠╓╩Й,2012-01-18,6.1,7.2,12.8,,,66.6,0.0,0.0,0.0,0.0,0.0,,,
гоц╣,╫бцл╨╦,╠╓╩Й,2012-01-19,7.8,8.4,15.1,,,84.8,0.0,0.0,0.0,0.0,0.0,,,
гоц╣,╫бцл╨╦,╠╓╩Й,2012-01-20,9.4,8.2,14.1,,,83.0,0.0,0.0,0.0,0.0,0.0,,,
гоц╣,╫бцл╨╦,╠╓╩Й,2012-01-21,8.7,8.1,13.0,,,86.7,0.0,0.0,0.0,0.0,0.0,,,
гоц╣,╫бцл╨╦,╠╓╩Й,2012-01-22,6.4,8.0,11.8,,,64.3,0.0,0.0,0.0,0.0,0.0,,,
гоц╣,╫бцл╨╦,╠╓╩Й,2012-02-02,4.8,7.6,14.1,,,51.4,0.0,0.0,0.0,0.0,0.0,,,
гоц╣,╫бцл╨╦,╠╓╩Й,2012-02-06,4.7,8.3,12.8,,,40.4,0.0,0.0,0.0,0.0,0.0,,,
гоц╣,╫бцл╨╦,╠╓╩Й,2012-02-09,6.1,7.3,13.6,,,30.2,0.0,0.0,0.0,0.0,0.0,,,
гоц╣,╫бцл╨╦,╠╓╩Й,2012-02-13,6.7,7.6,13.1,,,70.1,0.0,0.0,0.0,0.0,0.0,,,
гоц╣,╫бцл╨╦,╠╓╩Й,2012-02-16,6.9,8.0,13.2,,,103.7,0.0,0.0,0.0,0.0,0.0,,,
гоц╣,╫бцл╨╦,╠╓╩Й,2012-02-20,7.1,8.0,13.9,,,49.6,0.0,0.0,0.0,0.0,0.0,,,
гоц╣,╫бцл╨╦,╠╓╩Й,2012-02-23,8.3,7.8,13.9,,,80.2,0.0,0.0,0.0,0.0,0.0,,,
гоц╣,╫бцл╨╦,╠╓╩Й,2012-02-27,8.1,7.9,13.6,,,43.6,0.0,0.0,0.0,0.0,0.0,,,
гоц╣,╫бцл╨╦,╠╓╩Й,2012-03-05,10.5,7.4,10.6,,,63.1,0.0,0.0,0.0,0.0,0.0,,,
гоц╣,╫бцл╨╦,╠╓╩Й,2012-03-12,7.2,8.1,12.9,,,53.9,0.0,0.0,0.0,0.0,0.0,,,
гоц╣,╫бцл╨╦,╠╓╩Й,2012-03-15,9.6,7.6,12.7,,,43.6,0.0,0.0,0.0,0.0,0.0,,,
гоц╣,╫бцл╨╦,╠╓╩Й,2012-03-19,10.3,7.8,12.4,,,67.4,0.0,0.0,0.0,0.0,0.0,,,
гоц╣,╫бцл╨╦,╠╓╩Й,2012-03-22,10.6,7.8,12.4,,,82.6,0.0,0.0,0.0,0.0,0.0,,,
гоц╣,╫бцл╨╦,╠╓╩Й,2012-03-26,10.0,8.3,12.2,,,92.4,0.0,0.0,0.0,0.0,0.0,,,
гоц╣,╫бцл╨╦,╠╓╩Й,2012-04-02,12.8,7.3,11.1,,,90.3,0.0,0.0,0.0,0.0,0.0,,,
гоц╣,╫бцл╨╦,╠╓╩Й,2012-04-09,15.8,8.9,16.5,,,162.3,0.0,0.0,0.0,0.0,0.0,,,
гоц╣,╫бцл╨╦,╠╓╩Й,2012-04-10,15.1,7.8,13.4,,,151.1,0.0,0.0,0.0,0.0,0.0,,,
гоц╣,╫бцл╨╦,╠╓╩Й,2012-04-12,17.0,8.8,18.0,,,138.8,0.0,0.0,0.0,0.0,0.0,,,
гоц╣,╫бцл╨╦,╠╓╩Й,2012-04-16,18.4,7.5,14.3,,,66.9,0.0,0.0,0.0,0.0,0.0,,,
гоц╣,╫бцл╨╦,╠╓╩Й,2012-04-23,17.3,7.4,7.0,,,30.3,0.0,0.0,0.0,0.0,0.0,,,
гоц╣,╫бцл╨╦,╠╓╩Й,2012-04-26,17.2,7.2,8.1,,,61.3,0.0,0.0,0.0,0.0,0.0,,,
гоц╣,╫бцл╨╦,╠╓╩Й,2012-04-30,18.6,7.1,11.6,,,62.0,0.0,0.0,0.0,0.0,0.0,,,
гоц╣,╫бцл╨╦,╠╓╩Й,2012-05-29,28.1,8.7,14.1,,,83.3,0.0,0.0,0.0,0.0,0.0,,,
гоц╣,╫бцл╨╦,╠╓╩Й,2012-05-30,23.5,7.0,8.1,,,76.6,500.0,0.0,500.0,0.0,0.0,,,
гоц╣,╫бцл╨╦,╠╓╩Й,2012-05-31,24.2,8.0,10.3,,,120.9,0.0,0.0,0.0,0.0,0.0,,,
гоц╣,╫бцл╨╦,╠╓╩Й,2012-05-03,21.1,7.3,11.3,,,70.9,0.0,0.0,0.0,0.0,0.0,,,
гоц╣,╫бцл╨╦,╠╓╩Й,2012-05-07,24.6,8.7,13.8,,,76.9,0.0,0.0,0.0,0.0,0.0,,,
гоц╣,╫бцл╨╦,╠╓╩Й,2012-05-10,23.7,7.3,10.8,,,114.8,0.0,0.0,0.0,0.0,0.0,,,
гоц╣,╫бцл╨╦,╠╓╩Й,2012-05-14,21.3,6.7,8.0,,,41.2,0.0,0.0,0.0,0.0,0.0,,,
гоц╣,╫бцл╨╦,╠╓╩Й,2012-05-15,20.8,6.5,5.1,,,18.3,0.0,0.0,0.0,0.0,0.0,,,
гоц╣,╫бцл╨╦,╠╓╩Й,2012-05-17,22.2,7.2,9.8,,,64.3,0.0,0.0,0.0,0.0,0.0,,,
гоц╣,╫бцл╨╦,╠╓╩Й,2012-05-21,27.0,8.8,17.2,,,67.3,0.0,0.0,0.0,0.0,0.0,,,
гоц╣,╫бцл╨╦,╠╓╩Й,2012-05-23,22.7,7.7,10.4,,,82.8,0.0,0.0,0.0,0.0,0.0,,,
гоц╣,╫бцл╨╦,╠╓╩Й,2012-05-25,23.8,8.5,13.2,,,98.0,0.0,0.0,0.0,0.0,0.0,,,
гоц╣,╫бцл╨╦,╠╓╩Й,2012-06-25,26.3,7.2,4.7,,,36.1,0.0,0.0,0.0,0.0,0.0,,,
гоц╣,╫бцл╨╦,╠╓╩Й,2012-06-28,27.0,7.4,10.4,,,50.2,0.0,0.0,0.0,0.0,0.0,,,
гоц╣,╫бцл╨╦,╠╓╩Й,2012-06-04,25.0,8.1,13.1,,,89.8,0.0,0.0,0.0,0.0,0.0,,,
гоц╣,╫бцл╨╦,╠╓╩Й,2012-06-05,25.9,8.9,12.0,,,64.7,0.0,0.0,0.0,0.0,0.0,,,
гоц╣,╫бцл╨╦,╠╓╩Й,2012-06-07,25.0,8.4,9.4,,,93.5,0.0,0.0,0.0,0.0,0.0,,,
гоц╣,╫бцл╨╦,╠╓╩Й,2012-06-11,25.7,8.7,11.8,,,156.5,0.0,0.0,0.0,0.0,0.0,,,
гоц╣,╫бцл╨╦,╠╓╩Й,2012-06-13,26.1,8.0,10.8,,,72.5,0.0,0.0,0.0,0.0,0.0,,,
гоц╣,╫бцл╨╦,╠╓╩Й,2012-06-14,27.0,8.3,14.2,,,112.8,0.0,0.0,0.0,0.0,0.0,,,
гоц╣,╫бцл╨╦,╠╓╩Й,2012-06-18,25.4,7.8,11.5,,,176.3,0.0,0.0,0.0,0.0,0.0,,,
гоц╣,╫бцл╨╦,╠╓╩Й,2012-06-19,25.7,7.9,11.4,,,143.5,0.0,0.0,0.0,0.0,0.0,,,
гоц╣,╫бцл╨╦,╠╓╩Й,2012-06-22,26.3,7.6,9.2,,,93.6,0.0,0.0,0.0,0.0,0.0,,,
гоц╣,╫бцл╨╦,╠╓╩Й,2012-07-02,25.8,7.3,7.2,,,85.7,0.0,0.0,0.0,0.0,0.0,,,
гоц╣,╫бцл╨╦,╠╓╩Й,2012-07-04,25.8,7.6,12.1,,,146.9,0.0,0.0,0.0,0.0,0.0,,,
гоц╣,╫бцл╨╦,╠╓╩Й,2012-07-12,24.2,6.4,6.6,,,9.1,0.0,0.0,0.0,0.0,0.0,,,
гоц╣,╫бцл╨╦,╠╓╩Й,2012-07-16,23.0,6.8,9.3,,,5.1,0.0,0.0,0.0,0.0,0.0,,,
гоц╣,╫бцл╨╦,╠╓╩Й,2012-07-24,29.2,8.6,15.4,,,71.2,0.0,0.0,0.0,0.0,0.0,,,
гоц╣,╫бцл╨╦,╠╓╩Й,2012-07-26,31.4,9.3,13.0,,,29.9,3725.0,0.0,3725.0,0.0,0.0,,,
гоц╣,╫бцл╨╦,╠╓╩Й,2012-07-31,31.5,8.1,9.3,,,71.2,325.0,0.0,150.0,175.0,0.0,,,
гоц╣,╫бцл╨╦,╠╓╩Й,2012-08-02,30.8,7.1,8.0,,,60.9,0.0,0.0,0.0,0.0,0.0,,,
гоц╣,╫бцл╨╦,╠╓╩Й,2012-08-03,31.3,8.4,9.1,,,77.6,3025.0,2075.0,0.0,950.0,0.0,,,
гоц╣,╫бцл╨╦,╠╓╩Й,2012-08-07,30.2,7.5,7.0,,,71.0,1850.0,1750.0,0.0,100.0,0.0,,,
гоц╣,╫бцл╨╦,╠╓╩Й,2012-08-08,31.5,8.8,9.0,,,100.3,2050.0,2050.0,0.0,0.0,0.0,,,
гоц╣,╫бцл╨╦,╠╓╩Й,2012-08-14,27.4,6.4,4.2,,,26.4,325.0,0.0,0.0,0.0,0.0,,,
гоц╣,╫бцл╨╦,╠╓╩Й,2012-08-23,26.1,7.4,7.7,,,13.4,0.0,0.0,0.0,0.0,0.0,,,
гоц╣,╫бцл╨╦,╠╓╩Й,2012-08-27,26.7,6.3,6.6,,,9.0,0.0,0.0,0.0,0.0,0.0,,,
гоц╣,╫бцл╨╦,╠╓╩Й,2012-09-04,25.1,7.3,7.9,,,7.1,375.0,0.0,0.0,0.0,375.0,,,
гоц╣,╫бцл╨╦,╠╓╩Й,2012-09-11,23.5,7.7,8.6,,,4.9,0.0,0.0,0.0,0.0,0.0,,,
гоц╣,╫бцл╨╦,╠╓╩Й,2012-09-18,20.2,7.5,9.3,,,5.1,1825.0,0.0,0.0,450.0,1375.0,,,
гоц╣,╫бцл╨╦,╠╓╩Й,2012-09-25,23.0,7.2,9.6,,,25.7,1350.0,0.0,950.0,0.0,400.0,,,
гоц╣,╫бцл╨╦,╠╓╩Й,2012-10-02,21.2,7.3,11.5,,,34.6,0.0,0.0,0.0,0.0,0.0,,,
гоц╣,╫бцл╨╦,╠╓╩Й,2012-10-08,21.3,7.0,12.9,,,43.2,125.0,0.0,0.0,0.0,125.0,,,
гоц╣,╫бцл╨╦,╠╓╩Й,2012-10-16,18.8,7.1,11.5,,,86.9,0.0,0.0,0.0,0.0,0.0,,,
гоц╣,╫бцл╨╦,╠╓╩Й,2012-10-24,17.2,7.1,7.2,,,16.0,0.0,0.0,0.0,0.0,0.0,,,
гоц╣,╫бцл╨╦,╠╓╩Й,2012-10-30,16.5,6.9,7.5,,,12.4,0.0,0.0,0.0,0.0,0.0,,,
гоц╣,╫бцл╨╦,╠╓╩Й,2012-11-08,15.0,7.2,8.1,,,21.0,0.0,0.0,0.0,0.0,0.0,,,
гоц╣,╫бцл╨╦,╠╓╩Й,2012-11-12,14.2,7.2,8.9,,,24.1,0.0,0.0,0.0,0.0,0.0,,,
гоц╣,╫бцл╨╦,╠╓╩Й,2012-11-20,10.7,7.2,8.1,,,14.1,0.0,0.0,0.0,0.0,0.0,,,
гоц╣,╫бцл╨╦,╠╓╩Й,2012-11-28,9.3,7.5,11.7,,,14.8,0.0,0.0,0.0,0.0,0.0,,,
гоц╣,╫бцл╨╦,╠╓╩Й,2012-12-04,8.1,7.6,11.1,,,23.9,0.0,0.0,0.0,0.0,0.0,,,
гоц╣,╫бцл╨╦,╠╓╩Й,2012-12-10,4.8,7.6,12.4,,,14.0,0.0,0.0,0.0,0.0,0.0,,,
гоц╣,╫бцл╨╦,╠╓╩Й,2012-12-17,6.8,7.3,11.1,,,6.0,0.0,0.0,0.0,0.0,0.0,,,
гоц╣,╫бцл╨╦,╠╓╩Й,2012-12-26,3.7,7.1,14.4,,,3.5,20.0,0.0,0.0,20.0,0.0,,,
гоц╣,ав╩Й╨╦,ав╩Й,2012-01-23,3.8,8.5,14.3,,,103.2,0.0,0.0,0.0,0.0,0.0,,,
гоц╣,ав╩Й╨╦,ав╩Й,2012-01-24,4.0,8.5,17.0,,,104.7,0.0,0.0,0.0,0.0,0.0,,,
гоц╣,ав╩Й╨╦,ав╩Й,2012-01-26,3.1,8.6,16.8,,,113.2,0.0,0.0,0.0,0.0,0.0,,,
гоц╣,ав╩Й╨╦,ав╩Й,2012-01-27,2.7,7.7,15.5,,,53.2,0.0,0.0,0.0,0.0,0.0,,,
гоц╣,ав╩Й╨╦,ав╩Й,2012-01-30,4.0,8.6,14.3,,,79.0,0.0,0.0,0.0,0.0,0.0,,,
гоц╣,ав╩Й╨╦,ав╩Й,2012-01-05,3.5,7.7,14.2,,,51.8,0.0,0.0,0.0,0.0,0.0,,,
гоц╣,ав╩Й╨╦,ав╩Й,2012-01-10,3.7,8.2,16.1,,,62.0,0.0,0.0,0.0,0.0,0.0,,,
гоц╣,ав╩Й╨╦,ав╩Й,2012-01-12,4.3,7.8,14.2,,,73.4,0.0,0.0,0.0,0.0,0.0,,,
гоц╣,ав╩Й╨╦,ав╩Й,2012-01-17,4.1,8.5,17.5,,,137.0,0.0,0.0,0.0,0.0,0.0,,,
гоц╣,ав╩Й╨╦,ав╩Й,2012-01-18,4.6,8.8,16.2,,,156.9,0.0,0.0,0.0,0.0,0.0,,,
гоц╣,ав╩Й╨╦,ав╩Й,2012-01-19,6.0,8.3,17.0,,,135.1,0.0,0.0,0.0,0.0,0.0,,,
гоц╣,ав╩Й╨╦,ав╩Й,2012-01-20,6.6,8.6,19.8,,,68.1,0.0,0.0,0.0,0.0,0.0,,,
гоц╣,ав╩Й╨╦,ав╩Й,2012-01-21,5.2,9.0,18.6,,,124.2,0.0,0.0,0.0,0.0,0.0,,,
гоц╣,ав╩Й╨╦,ав╩Й,2012-01-22,4.4,8.7,16.8,,,126.2,0.0,0.0,0.0,0.0,0.0,,,
гоц╣,ав╩Й╨╦,ав╩Й,2012-02-02,3.5,7.8,14.5,,,80.5,0.0,0.0,0.0,0.0,0.0,,,
гоц╣,ав╩Й╨╦,ав╩Й,2012-02-06,2.8,7.9,15.2,,,75.1,0.0,0.0,0.0,0.0,0.0,,,
гоц╣,ав╩Й╨╦,ав╩Й,2012-02-13,3.7,8.8,16.1,,,60.6,0.0,0.0,0.0,0.0,0.0,,,
гоц╣,ав╩Й╨╦,ав╩Й,2012-02-16,4.4,8.2,16.3,,,60.0,0.0,0.0,0.0,0.0,0.0,,,
гоц╣,ав╩Й╨╦,ав╩Й,2012-02-20,5.6,8.4,16.6,,,82.5,0.0,0.0,0.0,0.0,0.0,,,
гоц╣,ав╩Й╨╦,ав╩Й,2012-02-23,4.7,7.1,15.1,,,82.8,0.0,0.0,0.0,0.0,0.0,,,
гоц╣,ав╩Й╨╦,ав╩Й,2012-02-27,5.8,8.4,15.5,,,56.2,0.0,0.0,0.0,0.0,0.0,,,
гоц╣,ав╩Й╨╦,ав╩Й,2012-03-05,7.8,8.2,16.5,,,78.7,0.0,0.0,0.0,0.0,0.0,,,
гоц╣,ав╩Й╨╦,ав╩Й,2012-03-13,9.4,8.8,15.2,,,129.2,0.0,0.0,0.0,0.0,0.0,,,
гоц╣,ав╩Й╨╦,ав╩Й,2012-03-15,9.9,8.3,13.8,,,92.6,0.0,0.0,0.0,0.0,0.0,,,
гоц╣,ав╩Й╨╦,ав╩Й,2012-03-19,8.8,8.5,14.6,,,105.3,0.0,0.0,0.0,0.0,0.0,,,
гоц╣,ав╩Й╨╦,ав╩Й,2012-03-22,8.9,8.0,13.6,,,104.3,0.0,0.0,0.0,0.0,0.0,,,
гоц╣,ав╩Й╨╦,ав╩Й,2012-03-26,8.8,8.3,12.6,,,82.5,0.0,0.0,0.0,0.0,0.0,,,
гоц╣,ав╩Й╨╦,ав╩Й,2012-04-02,12.4,7.6,10.3,,,44.1,0.0,0.0,0.0,0.0,0.0,,,
гоц╣,ав╩Й╨╦,ав╩Й,2012-04-09,14.7,9.0,16.9,,,143.8,0.0,0.0,0.0,0.0,0.0,,,
гоц╣,ав╩Й╨╦,ав╩Й,2012-04-12,13.6,8.1,14.5,,,117.8,0.0,0.0,0.0,0.0,0.0,,,
гоц╣,ав╩Й╨╦,ав╩Й,2012-04-16,14.7,8.4,12.8,,,21.1,0.0,0.0,0.0,0.0,0.0,,,
гоц╣,ав╩Й╨╦,ав╩Й,2012-04-18,15.7,8.5,10.6,,,22.7,0.0,0.0,0.0,0.0,0.0,,,
гоц╣,ав╩Й╨╦,ав╩Й,2012-04-23,17.1,8.2,10.6,,,52.9,0.0,0.0,0.0,0.0,0.0,,,
гоц╣,ав╩Й╨╦,ав╩Й,2012-04-26,16.3,7.4,8.5,,,19.0,0.0,0.0,0.0,0.0,0.0,,,
гоц╣,ав╩Й╨╦,ав╩Й,2012-04-30,18.3,7.1,9.1,,,29.5,0.0,0.0,0.0,0.0,0.0,,,
гоц╣,ав╩Й╨╦,ав╩Й,2012-05-02,19.0,7.8,9.8,,,21.3,0.0,0.0,0.0,0.0,0.0,,,
гоц╣,ав╩Й╨╦,ав╩Й,2012-05-07,24.1,8.1,12.2,,,49.9,5500.0,0.0,5500.0,0.0,0.0,,,
гоц╣,ав╩Й╨╦,ав╩Й,2012-05-10,21.3,8.6,12.2,,,95.2,1050.0,0.0,1050.0,0.0,0.0,,,
гоц╣,ав╩Й╨╦,ав╩Й,2012-05-14,21.1,7.7,8.9,,,22.2,0.0,0.0,0.0,0.0,0.0,,,
гоц╣,ав╩Й╨╦,ав╩Й,2012-05-17,21.2,7.0,7.1,,,17.3,0.0,0.0,0.0,0.0,0.0,,,
гоц╣,ав╩Й╨╦,ав╩Й,2012-05-21,22.3,7.4,8.6,,,22.0,0.0,0.0,0.0,0.0,0.0,,,
гоц╣,ав╩Й╨╦,ав╩Й,2012-05-24,22.1,7.2,5.8,,,28.6,0.0,0.0,0.0,0.0,0.0,,,
гоц╣,ав╩Й╨╦,ав╩Й,2012-05-29,22.3,8.2,10.9,,,87.0,0.0,0.0,0.0,0.0,0.0,,,
гоц╣,ав╩Й╨╦,ав╩Й,2012-05-31,22.8,8.3,16.0,,,79.5,0.0,0.0,0.0,0.0,0.0,,,
гоц╣,ав╩Й╨╦,ав╩Й,2012-06-04,24.4,8.1,12.0,,,100.4,0.0,0.0,0.0,0.0,0.0,,,
гоц╣,ав╩Й╨╦,ав╩Й,2012-06-07,23.7,7.8,9.0,,,68.5,0.0,0.0,0.0,0.0,0.0,,,
гоц╣,ав╩Й╨╦,ав╩Й,2012-06-11,27.8,6.8,9.0,,,146.9,0.0,0.0,0.0,0.0,0.0,,,
гоц╣,ав╩Й╨╦,ав╩Й,2012-06-14,25.2,6.8,7.8,,,38.3,0.0,0.0,0.0,0.0,0.0,,,
гоц╣,ав╩Й╨╦,ав╩Й,2012-06-18,24.4,7.5,8.5,,,59.2,0.0,0.0,0.0,0.0,0.0,,,
гоц╣,ав╩Й╨╦,ав╩Й,2012-06-21,26.2,8.5,10.4,,,84.9,0.0,0.0,0.0,0.0,0.0,,,
гоц╣,ав╩Й╨╦,ав╩Й,2012-06-26,26.0,8.1,9.5,,,85.9,0.0,0.0,0.0,0.0,0.0,,,
гоц╣,ав╩Й╨╦,ав╩Й,2012-06-28,26.1,7.8,7.7,,,86.8,0.0,0.0,0.0,0.0,0.0,,,
гоц╣,ав╩Й╨╦,ав╩Й,2012-07-02,25.8,7.6,8.4,,,45.7,0.0,0.0,0.0,0.0,0.0,,,
гоц╣,ав╩Й╨╦,ав╩Й,2012-07-05,25.3,6.5,5.4,,,27.6,0.0,0.0,0.0,0.0,0.0,,,
гоц╣,ав╩Й╨╦,ав╩Й,2012-07-10,26.2,6.5,11.2,,,42.3,0.0,0.0,0.0,0.0,0.0,,,
гоц╣,ав╩Й╨╦,ав╩Й,2012-07-20,24.3,6.7,7.6,,,6.0,0.0,0.0,0.0,0.0,0.0,,,
гоц╣,ав╩Й╨╦,ав╩Й,2012-07-23,27.7,6.8,9.7,,,36.3,0.0,0.0,0.0,0.0,0.0,,,
гоц╣,ав╩Й╨╦,ав╩Й,2012-08-02,31.2,9.6,10.8,,,76.8,0.0,0.0,0.0,0.0,0.0,,,
гоц╣,ав╩Й╨╦,ав╩Й,2012-08-07,31.5,9.6,10.6,,,86.6,0.0,0.0,0.0,0.0,0.0,,,
гоц╣,ав╩Й╨╦,ав╩Й,2012-08-09,30.7,8.8,8.7,,,58.8,4750.0,3850.0,0.0,900.0,0.0,,,
гоц╣,ав╩Й╨╦,ав╩Й,2012-08-13,29.3,7.7,6.0,,,53.7,900.0,625.0,0.0,0.0,275.0,,,
гоц╣,ав╩Й╨╦,ав╩Й,2012-08-21,29.1,6.6,10.4,,,23.4,75.0,0.0,75.0,0.0,0.0,,,
гоц╣,ав╩Й╨╦,ав╩Й,2012-08-29,23.6,6.1,8.4,,,3.9,0.0,0.0,0.0,0.0,0.0,,,
гоц╣,ав╩Й╨╦,ав╩Й,2012-09-03,24.5,7.4,7.8,,,6.4,400.0,0.0,150.0,0.0,250.0,,,
гоц╣,ав╩Й╨╦,ав╩Й,2012-09-12,23.5,6.7,8.5,,,14.1,0.0,0.0,0.0,0.0,0.0,,,
гоц╣,ав╩Й╨╦,ав╩Й,2012-09-20,21.9,7.6,9.2,,,2.9,650.0,0.0,125.0,0.0,525.0,,,
гоц╣,ав╩Й╨╦,ав╩Й,2012-09-25,23.4,7.6,9.4,,,36.3,0.0,0.0,0.0,0.0,0.0,,,
гоц╣,ав╩Й╨╦,ав╩Й,2012-10-02,22.3,6.6,10.7,,,35.9,1575.0,0.0,975.0,0.0,600.0,,,
гоц╣,ав╩Й╨╦,ав╩Й,2012-10-09,21.4,8.7,10.9,,,56.3,1050.0,0.0,1050.0,0.0,0.0,,,
гоц╣,ав╩Й╨╦,ав╩Й,2012-10-16,19.5,8.4,10.9,,,54.1,0.0,0.0,0.0,0.0,0.0,,,
гоц╣,ав╩Й╨╦,ав╩Й,2012-10-23,17.0,8.4,10.9,,,37.9,0.0,0.0,0.0,0.0,0.0,,,
гоц╣,ав╩Й╨╦,ав╩Й,2012-10-29,17.2,6.3,9.4,,,40.8,0.0,0.0,0.0,0.0,0.0,,,
гоц╣,ав╩Й╨╦,ав╩Й,2012-11-07,13.9,7.3,9.5,,,23.9,0.0,0.0,0.0,0.0,0.0,,,
гоц╣,ав╩Й╨╦,ав╩Й,2012-11-13,12.8,7.5,11.4,,,42.4,0.0,0.0,0.0,0.0,0.0,,,
гоц╣,ав╩Й╨╦,ав╩Й,2012-11-19,11.2,7.6,11.1,,,29.7,0.0,0.0,0.0,0.0,0.0,,,
гоц╣,ав╩Й╨╦,ав╩Й,2012-11-29,9.1,7.8,12.9,,,50.4,0.0,0.0,0.0,0.0,0.0,,,
гоц╣,ав╩Й╨╦,ав╩Й,2012-12-05,7.4,7.7,15.3,,,52.9,0.0,0.0,0.0,0.0,0.0,,,
гоц╣,ав╩Й╨╦,ав╩Й,2012-12-11,5.5,7.1,13.3,,,45.8,0.0,0.0,0.0,0.0,0.0,,,
гоц╣,ав╩Й╨╦,ав╩Й,2012-12-17,5.2,7.3,11.3,,,18.5,0.0,0.0,0.0,0.0,0.0,,,
гоц╣,ав╩Й╨╦,ав╩Й,2012-12-26,3.7,6.7,12.5,,,9.0,0.0,0.0,0.0,0.0,0.0,,,
гоц╣,╫бцл╨╦,╠╓╩Й,2013-01-04,3.1,7.1,10.8,,,4.1,0.0,0.0,0.0,0.0,0.0,,,
гоц╣,╫бцл╨╦,╠╓╩Й,2013-01-10,3.4,7.3,11.7,,,4.9,0.0,0.0,0.0,0.0,0.0,,,
гоц╣,╫бцл╨╦,╠╓╩Й,2013-01-15,4.3,6.6,12.2,,,12.1,0.0,0.0,0.0,0.0,0.0,,,
гоц╣,╫бцл╨╦,╠╓╩Й,2013-01-23,5.9,7.1,10.6,,,17.3,0.0,0.0,0.0,0.0,0.0,,,
гоц╣,╫бцл╨╦,╠╓╩Й,2013-01-28,3.3,7.3,13.1,,,23.0,0.0,0.0,0.0,0.0,0.0,,,
гоц╣,╫бцл╨╦,╠╓╩Й,2013-02-06,5.8,7.2,9.9,,,5.8,0.0,0.0,0.0,0.0,0.0,,,
гоц╣,╫бцл╨╦,╠╓╩Й,2013-02-12,3.4,7.2,12.2,,,2.6,0.0,0.0,0.0,0.0,0.0,,,
гоц╣,╫бцл╨╦,╠╓╩Й,2013-02-18,5.3,7.2,10.8,,,4.1,0.0,0.0,0.0,0.0,0.0,,,
гоц╣,╫бцл╨╦,╠╓╩Й,2013-02-25,5.6,7.2,11.5,,,5.5,0.0,0.0,0.0,0.0,0.0,,,
гоц╣,╫бцл╨╦,╠╓╩Й,2013-03-07,9.2,7.2,13.5,,,96.4,0.0,0.0,0.0,0.0,0.0,,,
гоц╣,╫бцл╨╦,╠╓╩Й,2013-03-12,13.3,8.2,14.7,,,80.7,0.0,0.0,0.0,0.0,0.0,,,
гоц╣,╫бцл╨╦,╠╓╩Й,2013-03-19,13.2,7.2,8.8,,,23.6,0.0,0.0,0.0,0.0,0.0,,,
гоц╣,╫бцл╨╦,╠╓╩Й,2013-03-27,12.9,7.6,12.6,,,46.9,0.0,0.0,0.0,0.0,0.0,,,
гоц╣,╫бцл╨╦,╠╓╩Й,2013-04-01,13.4,7.6,12.9,,,64.0,0.0,0.0,0.0,0.0,0.0,,,
гоц╣,╫бцл╨╦,╠╓╩Й,2013-04-10,12.0,8.1,10.0,,,77.4,0.0,0.0,0.0,0.0,0.0,,,
гоц╣,╫бцл╨╦,╠╓╩Й,2013-04-15,15.7,8.9,15.1,,,106.7,0.0,0.0,0.0,0.0,0.0,,,
гоц╣,╫бцл╨╦,╠╓╩Й,2013-04-17,15.4,7.8,11.8,,,84.9,0.0,0.0,0.0,0.0,0.0,,,
гоц╣,╫бцл╨╦,╠╓╩Й,2013-04-22,15.5,7.0,6.7,,,15.7,0.0,0.0,0.0,0.0,0.0,,,
гоц╣,╫бцл╨╦,╠╓╩Й,2013-04-30,17.3,7.1,5.5,,,7.7,0.0,0.0,0.0,0.0,0.0,,,
гоц╣,╫бцл╨╦,╠╓╩Й,2013-05-07,20.3,8.4,16.3,,,48.8,0.0,0.0,0.0,0.0,0.0,,,
гоц╣,╫бцл╨╦,╠╓╩Й,2013-05-14,23.2,8.1,10.4,,,96.1,0.0,0.0,0.0,0.0,0.0,,,
гоц╣,╫бцл╨╦,╠╓╩Й,2013-05-20,22.4,7.0,8.9,,,115.6,0.0,0.0,0.0,0.0,0.0,,,
гоц╣,╫бцл╨╦,╠╓╩Й,2013-05-22,22.8,7.6,8.4,,,101.0,100.0,0.0,100.0,0.0,0.0,,,
гоц╣,╫бцл╨╦,╠╓╩Й,2013-05-27,22.2,7.2,5.7,,,40.7,0.0,0.0,0.0,0.0,0.0,,,
гоц╣,╫бцл╨╦,╠╓╩Й,2013-06-03,23.0,7.1,8.9,,,87.3,0.0,0.0,0.0,0.0,0.0,,,
гоц╣,╫бцл╨╦,╠╓╩Й,2013-06-04,23.1,7.6,8.5,,,59.8,0.0,0.0,0.0,0.0,0.0,,,
гоц╣,╫бцл╨╦,╠╓╩Й,2013-06-10,25.5,7.5,8.3,,,61.7,1225.0,0.0,1225.0,0.0,0.0,,,
гоц╣,╫бцл╨╦,╠╓╩Й,2013-06-12,24.8,7.7,8.2,,,25.4,100.0,0.0,0.0,0.0,100.0,,,
гоц╣,╫бцл╨╦,╠╓╩Й,2013-06-17,25.5,7.2,7.2,,,88.7,0.0,0.0,0.0,0.0,0.0,,,
гоц╣,╫бцл╨╦,╠╓╩Й,2013-06-24,26.6,7.3,6.9,,,57.1,0.0,0.0,0.0,0.0,0.0,,,
гоц╣,╫бцл╨╦,╠╓╩Й,2013-06-26,25.7,7.1,6.3,,,30.7,0.0,0.0,0.0,0.0,0.0,,,
гоц╣,╫бцл╨╦,╠╓╩Й,2013-07-02,27.2,7.4,7.5,,,45.0,0.0,0.0,0.0,0.0,0.0,,,
гоц╣,╫бцл╨╦,╠╓╩Й,2013-07-08,23.6,7.2,7.6,,,2.5,0.0,0.0,0.0,0.0,0.0,,,
гоц╣,╫бцл╨╦,╠╓╩Й,2013-07-16,28.2,7.5,7.7,,,38.7,0.0,0.0,0.0,0.0,0.0,,,
гоц╣,╫бцл╨╦,╠╓╩Й,2013-07-23,28.6,7.9,7.9,,,82.8,0.0,0.0,0.0,0.0,0.0,,,
гоц╣,╫бцл╨╦,╠╓╩Й,2013-07-30,27.7,7.0,4.8,,,28.6,125.0,0.0,0.0,125.0,0.0,,,
гоц╣,╫бцл╨╦,╠╓╩Й,2013-08-05,29.2,7.6,6.4,,,98.7,200.0,0.0,200.0,0.0,0.0,,,
гоц╣,╫бцл╨╦,╠╓╩Й,2013-08-08,30.1,8.2,7.5,,,98.6,0.0,0.0,0.0,0.0,0.0,,,
гоц╣,╫бцл╨╦,╠╓╩Й,2013-08-13,32.5,8.5,8.1,,,70.9,1325.0,1325.0,0.0,0.0,0.0,,,
гоц╣,╫бцл╨╦,╠╓╩Й,2013-08-14,32.1,8.2,6.4,,,55.1,1650.0,1450.0,75.0,125.0,0.0,,,
гоц╣,╫бцл╨╦,╠╓╩Й,2013-08-19,31.2,7.9,7.6,,,45.3,2900.0,2300.0,0.0,250.0,350.0,,,
гоц╣,╫бцл╨╦,╠╓╩Й,2013-08-22,30.5,7.8,5.2,,,93.1,3400.0,2650.0,0.0,750.0,0.0,,,
гоц╣,╫бцл╨╦,╠╓╩Й,2013-08-26,26.2,6.8,6.1,,,2.6,0.0,0.0,0.0,0.0,0.0,,,
гоц╣,╫бцл╨╦,╠╓╩Й,2013-09-03,25.4,6.9,6.5,,,41.7,0.0,0.0,0.0,0.0,0.0,,,
гоц╣,╫бцл╨╦,╠╓╩Й,2013-09-11,24.6,8.0,8.5,,,49.1,0.0,0.0,0.0,0.0,0.0,,,
гоц╣,╫бцл╨╦,╠╓╩Й,2013-09-16,24.5,7.1,6.5,,,24.1,0.0,0.0,0.0,0.0,0.0,,,
гоц╣,╫бцл╨╦,╠╓╩Й,2013-09-24,26.6,9.0,12.5,,,50.4,0.0,0.0,0.0,0.0,0.0,,,
гоц╣,╫бцл╨╦,╠╓╩Й,2013-10-01,23.3,7.6,7.9,,,48.2,1300.0,300.0,100.0,900.0,0.0,,,
гоц╣,╫бцл╨╦,╠╓╩Й,2013-10-08,22.6,7.1,9.8,,,69.0,0.0,0.0,0.0,0.0,0.0,,,
гоц╣,╫бцл╨╦,╠╓╩Й,2013-10-14,21.8,7.0,8.4,,,44.0,0.0,0.0,0.0,0.0,0.0,,,
гоц╣,╫бцл╨╦,╠╓╩Й,2013-10-22,19.1,7.6,10.9,,,83.2,0.0,0.0,0.0,0.0,0.0,,,
гоц╣,╫бцл╨╦,╠╓╩Й,2013-10-30,16.6,8.2,10.6,,,57.1,0.0,0.0,0.0,0.0,0.0,,,
гоц╣,╫бцл╨╦,╠╓╩Й,2013-11-04,16.9,7.3,9.8,,,56.5,0.0,0.0,0.0,0.0,0.0,,,
гоц╣,╫бцл╨╦,╠╓╩Й,2013-11-12,13.7,7.9,10.0,,,35.5,0.0,0.0,0.0,0.0,0.0,,,
гоц╣,╫бцл╨╦,╠╓╩Й,2013-11-20,11.6,7.8,12.0,,,92.8,0.0,0.0,0.0,0.0,0.0,,,
гоц╣,╫бцл╨╦,╠╓╩Й,2013-11-27,9.8,7.7,9.9,,,17.4,0.0,0.0,0.0,0.0,0.0,,,
гоц╣,╫бцл╨╦,╠╓╩Й,2013-12-03,8.0,7.2,10.1,,,16.2,0.0,0.0,0.0,0.0,0.0,,,
гоц╣,╫бцл╨╦,╠╓╩Й,2013-12-11,8.7,7.5,10.7,,,19.4,0.0,0.0,0.0,0.0,0.0,,,
гоц╣,╫бцл╨╦,╠╓╩Й,2013-12-16,7.2,7.4,12.1,,,9.6,0.0,0.0,0.0,0.0,0.0,,,
гоц╣,╫бцл╨╦,╠╓╩Й,2013-12-24,6.3,7.4,11.9,,,3.3,0.0,0.0,0.0,0.0,0.0,,,
гоц╣,ав╩Й╨╦,ав╩Й,2013-01-04,2.3,7.4,14.9,,,20.7,0.0,0.0,0.0,0.0,0.0,,,
гоц╣,ав╩Й╨╦,ав╩Й,2013-01-09,3.2,9.5,14.0,,,38.0,125.0,0.0,0.0,125.0,0.0,,,
гоц╣,ав╩Й╨╦,ав╩Й,2013-01-14,3.9,7.2,17.8,,,57.9,0.0,0.0,0.0,0.0,0.0,,,
гоц╣,ав╩Й╨╦,ав╩Й,2013-01-22,3.6,7.0,13.7,,,65.7,0.0,0.0,0.0,0.0,0.0,,,
гоц╣,ав╩Й╨╦,ав╩Й,2013-01-29,5.3,8.0,14.8,,,63.5,0.0,0.0,0.0,0.0,0.0,,,
гоц╣,ав╩Й╨╦,ав╩Й,2013-02-06,6.3,6.9,12.7,,,34.4,0.0,0.0,0.0,0.0,0.0,,,
гоц╣,ав╩Й╨╦,ав╩Й,2013-02-13,3.8,6.7,12.9,,,10.2,0.0,0.0,0.0,0.0,0.0,,,
гоц╣,ав╩Й╨╦,ав╩Й,2013-02-19,3.5,7.3,12.5,,,17.9,0.0,0.0,0.0,0.0,0.0,,,
гоц╣,ав╩Й╨╦,ав╩Й,2013-02-25,4.9,7.7,13.9,,,37.0,0.0,0.0,0.0,0.0,0.0,,,
гоц╣,ав╩Й╨╦,ав╩Й,2013-03-06,8.3,7.1,13.7,,,47.8,0.0,0.0,0.0,0.0,0.0,,,
гоц╣,ав╩Й╨╦,ав╩Й,2013-03-12,10.8,8.0,14.1,,,63.3,0.0,0.0,0.0,0.0,0.0,,,
гоц╣,ав╩Й╨╦,ав╩Й,2013-03-20,11.4,7.3,9.2,,,61.3,0.0,0.0,0.0,0.0,0.0,,,
гоц╣,ав╩Й╨╦,ав╩Й,2013-03-28,12.5,7.1,12.2,,,47.8,0.0,0.0,0.0,0.0,0.0,,,
гоц╣,ав╩Й╨╦,ав╩Й,2013-04-02,11.0,7.5,11.5,,,58.7,0.0,0.0,0.0,0.0,0.0,,,
гоц╣,ав╩Й╨╦,ав╩Й,2013-04-09,11.6,7.4,11.0,,,33.8,450.0,0.0,450.0,0.0,0.0,,,
гоц╣,ав╩Й╨╦,ав╩Й,2013-04-18,14.5,8.3,11.6,,,47.5,375.0,0.0,375.0,0.0,0.0,,,
гоц╣,ав╩Й╨╦,ав╩Й,2013-04-24,14.4,7.8,10.9,,,60.1,0.0,0.0,0.0,0.0,0.0,,,
гоц╣,ав╩Й╨╦,ав╩Й,2013-04-30,15.4,7.8,9.8,,,39.4,0.0,0.0,0.0,0.0,0.0,,,
гоц╣,ав╩Й╨╦,ав╩Й,2013-05-06,18.3,8.4,11.4,,,41.1,125.0,0.0,0.0,125.0,0.0,,,
гоц╣,ав╩Й╨╦,ав╩Й,2013-05-14,21.8,7.6,7.7,,,18.8,0.0,0.0,0.0,0.0,0.0,,,
гоц╣,ав╩Й╨╦,ав╩Й,2013-05-20,21.6,7.4,5.9,,,11.5,0.0,0.0,0.0,0.0,0.0,,,
гоц╣,ав╩Й╨╦,ав╩Й,2013-05-27,22.8,7.8,8.6,,,34.7,0.0,0.0,0.0,0.0,0.0,,,
гоц╣,ав╩Й╨╦,ав╩Й,2013-06-04,21.8,7.7,9.0,,,34.3,250.0,0.0,250.0,0.0,0.0,,,
гоц╣,ав╩Й╨╦,ав╩Й,2013-06-12,24.0,7.6,8.3,,,28.8,125.0,0.0,125.0,0.0,0.0,,,
гоц╣,ав╩Й╨╦,ав╩Й,2013-06-17,24.2,6.8,5.8,,,77.9,450.0,0.0,450.0,0.0,0.0,,,
гоц╣,ав╩Й╨╦,ав╩Й,2013-06-24,26.4,8.1,8.4,,,38.2,0.0,0.0,0.0,0.0,0.0,,,
гоц╣,ав╩Й╨╦,ав╩Й,2013-07-01,27.0,8.1,9.1,,,61.4,0.0,0.0,0.0,0.0,0.0,,,
гоц╣,ав╩Й╨╦,ав╩Й,2013-07-08,23.4,6.6,8.1,,,2.6,275.0,0.0,0.0,0.0,275.0,,,
гоц╣,ав╩Й╨╦,ав╩Й,2013-07-16,28.3,8.3,9.2,,,31.2,825.0,0.0,0.0,300.0,525.0,,,
гоц╣,ав╩Й╨╦,ав╩Й,2013-07-22,29.1,7.8,8.2,,,41.0,450.0,0.0,75.0,0.0,375.0,,,
гоц╣,ав╩Й╨╦,ав╩Й,2013-07-29,28.2,7.4,6.9,,,28.2,975.0,0.0,75.0,100.0,800.0,,,
гоц╣,ав╩Й╨╦,ав╩Й,2013-08-06,29.2,8.1,7.5,,,48.8,750.0,325.0,125.0,300.0,0.0,,,
гоц╣,ав╩Й╨╦,ав╩Й,2013-08-08,29.9,8.0,7.2,,,32.3,700.0,250.0,275.0,0.0,175.0,,,
гоц╣,ав╩Й╨╦,ав╩Й,2013-08-13,32.0,8.7,9.1,,,34.2,2750.0,2750.0,0.0,0.0,0.0,,,
гоц╣,ав╩Й╨╦,ав╩Й,2013-08-14,32.3,9.4,12.1,,,63.8,4875.0,4475.0,0.0,400.0,0.0,,,
гоц╣,ав╩Й╨╦,ав╩Й,2013-08-19,31.4,9.4,8.0,,,59.5,4850.0,4850.0,0.0,0.0,0.0,,,
гоц╣,ав╩Й╨╦,ав╩Й,2013-08-22,31.6,9.4,9.3,,,205.2,20400.0,20400.0,0.0,0.0,0.0,,,
гоц╣,ав╩Й╨╦,ав╩Й,2013-08-26,25.7,6.7,6.0,,,2.7,75.0,75.0,0.0,0.0,0.0,,,
гоц╣,ав╩Й╨╦,ав╩Й,2013-08-28,27.3,7.5,8.1,,,17.0,0.0,0.0,0.0,0.0,0.0,,,
гоц╣,ав╩Й╨╦,ав╩Й,2013-09-02,24.8,6.7,6.5,,,23.6,125.0,0.0,125.0,0.0,0.0,,,
гоц╣,ав╩Й╨╦,ав╩Й,2013-09-10,24.4,7.9,9.2,,,41.5,325.0,0.0,200.0,125.0,0.0,,,
гоц╣,ав╩Й╨╦,ав╩Й,2013-09-16,23.5,6.8,6.7,,,10.1,0.0,0.0,0.0,0.0,0.0,,,
гоц╣,ав╩Й╨╦,ав╩Й,2013-09-24,25.9,8.6,10.5,,,30.0,425.0,275.0,0.0,150.0,0.0,,,
гоц╣,ав╩Й╨╦,ав╩Й,2013-10-01,23.3,7.5,8.3,,,18.5,0.0,0.0,0.0,0.0,0.0,,,
гоц╣,ав╩Й╨╦,ав╩Й,2013-10-08,22.9,8.3,10.9,,,73.5,2000.0,0.0,0.0,2000.0,0.0,,,
гоц╣,ав╩Й╨╦,ав╩Й,2013-10-15,21.1,8.1,9.0,,,40.8,300.0,0.0,0.0,300.0,0.0,,,
гоц╣,ав╩Й╨╦,ав╩Й,2013-10-22,19.4,7.9,10.1,,,43.2,2150.0,0.0,375.0,1550.0,225.0,,,
гоц╣,ав╩Й╨╦,ав╩Й,2013-10-28,17.3,8.0,10.1,,,47.0,1250.0,0.0,0.0,1250.0,0.0,,,
гоц╣,ав╩Й╨╦,ав╩Й,2013-11-04,16.6,7.6,10.4,,,61.6,0.0,0.0,0.0,0.0,0.0,,,
гоц╣,ав╩Й╨╦,ав╩Й,2013-11-12,14.0,8.2,10.3,,,26.2,0.0,0.0,0.0,0.0,0.0,,,
гоц╣,ав╩Й╨╦,ав╩Й,2013-11-18,12.6,7.4,12.4,,,45.6,325.0,0.0,0.0,0.0,325.0,,,
гоц╣,ав╩Й╨╦,ав╩Й,2013-11-25,10.8,8.1,12.5,,,53.7,0.0,0.0,0.0,0.0,0.0,,,
гоц╣,ав╩Й╨╦,ав╩Й,2013-12-03,8.4,6.9,13.6,,,29.8,0.0,0.0,0.0,0.0,0.0,,,
гоц╣,ав╩Й╨╦,ав╩Й,2013-12-11,7.3,7.3,12.1,,,23.5,0.0,0.0,0.0,0.0,0.0,,,
гоц╣,ав╩Й╨╦,ав╩Й,2013-12-16,6.3,7.3,12.7,,,10.7,0.0,0.0,0.0,0.0,0.0,,,
гоц╣,ав╩Й╨╦,ав╩Й,2013-12-24,5.4,7.7,12.0,,,10.3,0.0,0.0,0.0,0.0,0.0,,,
гоц╣,╫бцл╨╦,╠╓╩Й,2014-01-07,6.2,7.3,14.7,,,12.0,0.0,0.0,0.0,0.0,0.0,,,
гоц╣,╫бцл╨╦,╠╓╩Й,2014-01-13,5.2,7.5,12.2,,,32.6,0.0,0.0,0.0,0.0,0.0,,,
гоц╣,╫бцл╨╦,╠╓╩Й,2014-01-22,5.3,7.7,14.8,,,28.3,0.0,0.0,0.0,0.0,0.0,,,
гоц╣,╫бцл╨╦,╠╓╩Й,2014-01-28,6.3,7.6,11.4,,,32.1,0.0,0.0,0.0,0.0,0.0,,,
гоц╣,╫бцл╨╦,╠╓╩Й,2014-02-04,8.0,7.5,12.2,,,73.5,0.0,0.0,0.0,0.0,0.0,,,
гоц╣,╫бцл╨╦,╠╓╩Й,2014-02-10,6.0,7.8,11.5,,,79.1,0.0,0.0,0.0,0.0,0.0,,,
гоц╣,╫бцл╨╦,╠╓╩Й,2014-02-18,7.7,7.5,12.9,,,52.9,0.0,0.0,0.0,0.0,0.0,,,
гоц╣,╫бцл╨╦,╠╓╩Й,2014-02-24,8.5,7.6,12.5,,,24.2,0.0,0.0,0.0,0.0,0.0,,,
гоц╣,╫бцл╨╦,╠╓╩Й,2014-03-04,10.2,7.0,9.1,,,21.5,0.0,0.0,0.0,0.0,0.0,,,
гоц╣,╫бцл╨╦,╠╓╩Й,2014-03-10,8.8,7.8,11.9,,,66.8,0.0,0.0,0.0,0.0,0.0,11,а╓╥╝гя╟Х╧л╦╦,
гоц╣,╫бцл╨╦,╠╓╩Й,2014-03-18,11.1,7.3,7.8,,,33.8,0.0,0.0,0.0,0.0,0.0,11,а╓╥╝гя╟Х╧л╦╦,
гоц╣,╫бцл╨╦,╠╓╩Й,2014-03-24,11.6,8.2,12.2,,,91.0,575.0,0.0,575.0,0.0,0.0,12,а╓╥╝гя╟Х╧л╦╦,
гоц╣,╫бцл╨╦,╠╓╩Й,2014-04-01,15.9,7.1,4.6,,,24.5,0.0,0.0,0.0,0.0,0.0,10,а╓╥╝гя╟Х╧л╦╦,
гоц╣,╫бцл╨╦,╠╓╩Й,2014-04-07,14.7,7.7,8.7,,,51.1,0.0,0.0,0.0,0.0,0.0,9,3,
гоц╣,╫бцл╨╦,╠╓╩Й,2014-04-15,16.8,7.4,9.5,,,52.7,0.0,0.0,0.0,0.0,0.0,8,3,
гоц╣,╫бцл╨╦,╠╓╩Й,2014-04-21,17.3,7.3,7.1,,,76.7,325.0,0.0,325.0,0.0,0.0,11,7,
гоц╣,╫бцл╨╦,╠╓╩Й,2014-04-28,18.0,7.5,7.7,,,58.6,0.0,0.0,0.0,0.0,0.0,18,7,
гоц╣,╫бцл╨╦,╠╓╩Й,2014-05-07,18.7,7.6,9.9,,,46.4,0.0,0.0,0.0,0.0,0.0,15,5,
гоц╣,╫бцл╨╦,╠╓╩Й,2014-05-12,19.9,7.6,10.0,,,91.2,0.0,0.0,0.0,0.0,0.0,9,4,
гоц╣,╫бцл╨╦,╠╓╩Й,2014-05-20,22.1,7.8,8.5,,,64.0,0.0,0.0,0.0,0.0,0.0,5,7,
гоц╣,╫бцл╨╦,╠╓╩Й,2014-05-26,22.8,7.3,10.8,,,85.2,0.0,0.0,0.0,0.0,0.0,3,5,
гоц╣,╫бцл╨╦,╠╓╩Й,2014-05-28,23.4,7.9,9.7,,,86.4,0.0,0.0,0.0,0.0,0.0,3,8,
гоц╣,╫бцл╨╦,╠╓╩Й,2014-06-02,24.1,7.5,7.6,,,74.9,0.0,0.0,0.0,0.0,0.0,2,4,
гоц╣,╫бцл╨╦,╠╓╩Й,2014-06-10,24.6,8.0,9.8,,,62.7,0.0,0.0,0.0,0.0,0.0,1,а╓╥╝гя╟Х╧л╦╦,
гоц╣,╫бцл╨╦,╠╓╩Й,2014-06-16,24.7,8.2,11.2,,,50.8,0.0,0.0,0.0,0.0,0.0,3,4,
гоц╣,╫бцл╨╦,╠╓╩Й,2014-06-24,25.2,7.4,8.7,,,53.3,0.0,0.0,0.0,0.0,0.0,6,3,
гоц╣,╫бцл╨╦,╠╓╩Й,2014-07-01,26.3,8.3,10.3,,,69.3,1050.0,450.0,450.0,0.0,150.0,2,2,
гоц╣,╫бцл╨╦,╠╓╩Й,2014-07-07,23.4,7.0,3.5,,,64.4,0.0,0.0,0.0,0.0,0.0,6,а╓╥╝гя╟Х╧л╦╦,
гоц╣,╫бцл╨╦,╠╓╩Й,2014-07-15,26.8,7.7,8.4,,,50.2,0.0,0.0,0.0,0.0,0.0,6,9,
гоц╣,╫бцл╨╦,╠╓╩Й,2014-07-21,25.6,7.1,5.9,,,7.4,0.0,0.0,0.0,0.0,0.0,5,7,
гоц╣,╫бцл╨╦,╠╓╩Й,2014-07-28,28.0,8.1,7.5,,,99.5,625.0,0.0,0.0,625.0,0.0,11,5,
гоц╣,╫бцл╨╦,╠╓╩Й,2014-08-05,25.0,7.0,7.6,,,7.3,0.0,0.0,0.0,0.0,0.0,6,9,
гоц╣,╫бцл╨╦,╠╓╩Й,2014-08-11,26.5,7.5,7.3,,,41.4,600.0,0.0,600.0,0.0,0.0,а╓╥╝гя╟Х╧л╦╦,4,
гоц╣,╫бцл╨╦,╠╓╩Й,2014-08-19,22.9,7.2,7.8,,,1.8,0.0,0.0,0.0,0.0,0.0,а╓╥╝гя╟Х╧л╦╦,8,
гоц╣,╫бцл╨╦,╠╓╩Й,2014-08-26,23.1,6.7,7.1,,,3.2,0.0,0.0,0.0,0.0,0.0,а╓╥╝гя╟Х╧л╦╦,а╓╥╝гя╟Х╧л╦╦,
гоц╣,╫бцл╨╦,╠╓╩Й,2014-09-01,24.7,7.5,8.0,,,12.0,125.0,0.0,125.0,0.0,0.0,5,4,
гоц╣,╫бцл╨╦,╠╓╩Й,2014-09-11,25.5,7.2,8.2,,,22.4,0.0,0.0,0.0,0.0,0.0,7,6,
гоц╣,╫бцл╨╦,╠╓╩Й,2014-09-16,25.0,7.5,10.3,,,20.6,0.0,0.0,0.0,0.0,0.0,5,5,
гоц╣,╫бцл╨╦,╠╓╩Й,2014-09-22,23.8,7.7,11.4,,,44.3,700.0,0.0,0.0,425.0,275.0,5,8,
гоц╣,╫бцл╨╦,╠╓╩Й,2014-09-30,23.3,6.9,4.9,,,9.1,0.0,0.0,0.0,0.0,0.0,10,9,
гоц╣,╫бцл╨╦,╠╓╩Й,2014-10-06,21.8,7.9,13.8,,,27.0,0.0,0.0,0.0,0.0,0.0,11,10,
гоц╣,╫бцл╨╦,╠╓╩Й,2014-10-14,20.1,7.4,10.1,,,4.6,475.0,475.0,0.0,0.0,0.0,22,12,
гоц╣,╫бцл╨╦,╠╓╩Й,2014-10-21,19.2,7.4,7.6,,,5.8,750.0,750.0,0.0,0.0,0.0,20,12,
гоц╣,╫бцл╨╦,╠╓╩Й,2014-10-27,17.9,6.7,6.7,,,11.1,0.0,0.0,0.0,0.0,0.0,8,4,
гоц╣,╫бцл╨╦,╠╓╩Й,2014-11-04,14.8,7.5,7.6,,,39.4,0.0,0.0,0.0,0.0,0.0,11,9,
гоц╣,╫бцл╨╦,╠╓╩Й,2014-11-11,14.2,7.6,13.6,,,70.8,0.0,0.0,0.0,0.0,0.0,10,13,
гоц╣,╫бцл╨╦,╠╓╩Й,2014-11-18,11.9,7.6,13.5,,,50.4,0.0,0.0,0.0,0.0,0.0,10,13,
гоц╣,╫бцл╨╦,╠╓╩Й,2014-11-24,12.1,7.0,11.1,,,28.6,0.0,0.0,0.0,0.0,0.0,12,11,
гоц╣,╫бцл╨╦,╠╓╩Й,2014-12-03,9.7,7.2,7.8,,,5.4,0.0,0.0,0.0,0.0,0.0,8,7,
гоц╣,╫бцл╨╦,╠╓╩Й,2014-12-08,6.8,6.7,9.7,,,2.2,0.0,0.0,0.0,0.0,0.0,7,4,
гоц╣,╫бцл╨╦,╠╓╩Й,2014-12-15,6.0,7.2,10.6,,,3.6,0.0,0.0,0.0,0.0,0.0,7,6,
гоц╣,╫бцл╨╦,╠╓╩Й,2014-12-23,5.2,6.0,9.7,,,2.8,0.0,0.0,0.0,0.0,0.0,6,5,
гоц╣,╫бцл╨╦,╠╓╩Й,2014-12-29,5.8,7.3,11.8,,,2.8,0.0,0.0,0.0,0.0,0.0,5,2,
гоц╣,ав╩Й╨╦,ав╩Й,2014-01-07,4.3,7.9,16.8,,,28.4,0.0,0.0,0.0,0.0,0.0,,,
гоц╣,ав╩Й╨╦,ав╩Й,2014-01-13,3.5,8.8,16.0,,,63.7,0.0,0.0,0.0,0.0,0.0,,,
гоц╣,ав╩Й╨╦,ав╩Й,2014-01-22,3.2,9.0,16.2,,,152.8,0.0,0.0,0.0,0.0,0.0,,,
гоц╣,ав╩Й╨╦,ав╩Й,2014-01-23,3.3,9.3,18.2,,,95.6,0.0,0.0,0.0,0.0,0.0,,,
гоц╣,ав╩Й╨╦,ав╩Й,2014-01-27,3.9,9.0,16.8,,,56.7,0.0,0.0,0.0,0.0,0.0,,,
гоц╣,ав╩Й╨╦,ав╩Й,2014-01-28,4.0,9.1,16.3,,,67.1,0.0,0.0,0.0,0.0,0.0,,,
гоц╣,ав╩Й╨╦,ав╩Й,2014-02-04,4.2,8.9,13.5,,,55.0,0.0,0.0,0.0,0.0,0.0,,,
гоц╣,ав╩Й╨╦,ав╩Й,2014-02-11,4.7,8.9,15.6,,,67.0,0.0,0.0,0.0,0.0,0.0,,,
гоц╣,ав╩Й╨╦,ав╩Й,2014-02-17,5.3,9.0,16.4,,,49.3,0.0,0.0,0.0,0.0,0.0,,,
гоц╣,ав╩Й╨╦,ав╩Й,2014-02-19,5.5,9.0,14.7,,,115.8,0.0,0.0,0.0,0.0,0.0,,,
гоц╣,ав╩Й╨╦,ав╩Й,2014-02-24,6.3,8.8,15.2,,,60.9,0.0,0.0,0.0,0.0,0.0,,,
гоц╣,ав╩Й╨╦,ав╩Й,2014-03-04,7.7,8.9,14.5,,,23.2,0.0,0.0,0.0,0.0,0.0,,,
гоц╣,ав╩Й╨╦,ав╩Й,2014-03-11,7.4,7.8,11.8,,,27.5,0.0,0.0,0.0,0.0,0.0,9,8,
гоц╣,ав╩Й╨╦,ав╩Й,2014-03-18,9.6,8.0,13.5,,,49.3,0.0,0.0,0.0,0.0,0.0,7,а╓╥╝гя╟Х╧л╦╦,
гоц╣,ав╩Й╨╦,ав╩Й,2014-03-24,10.7,8.2,11.0,,,21.0,0.0,0.0,0.0,0.0,0.0,9,а╓╥╝гя╟Х╧л╦╦,
гоц╣,ав╩Й╨╦,ав╩Й,2014-04-01,14.4,7.3,8.6,,,21.4,0.0,0.0,0.0,0.0,0.0,13,а╓╥╝гя╟Х╧л╦╦,
гоц╣,ав╩Й╨╦,ав╩Й,2014-04-08,14.1,7.9,10.8,,,49.2,0.0,0.0,0.0,0.0,0.0,15,2,
гоц╣,ав╩Й╨╦,ав╩Й,2014-04-15,16.0,6.9,9.2,,,46.5,0.0,0.0,0.0,0.0,0.0,10,а╓╥╝гя╟Х╧л╦╦,
гоц╣,ав╩Й╨╦,ав╩Й,2014-04-21,16.4,7.3,9.0,,,29.1,0.0,0.0,0.0,0.0,0.0,9,3,
гоц╣,ав╩Й╨╦,ав╩Й,2014-04-28,17.7,7.3,6.8,,,20.4,0.0,0.0,0.0,0.0,0.0,8,4,
гоц╣,ав╩Й╨╦,ав╩Й,2014-05-07,17.9,7.3,6.6,,,23.7,0.0,0.0,0.0,0.0,0.0,9,4,
гоц╣,ав╩Й╨╦,ав╩Й,2014-05-13,19.5,7.5,6.0,,,17.8,0.0,0.0,0.0,0.0,0.0,8,а╓╥╝гя╟Х╧л╦╦,
гоц╣,ав╩Й╨╦,ав╩Й,2014-05-20,21.5,7.3,7.8,,,17.7,0.0,0.0,0.0,0.0,0.0,6,а╓╥╝гя╟Х╧л╦╦,
гоц╣,ав╩Й╨╦,ав╩Й,2014-05-27,22.6,7.8,8.1,,,32.8,0.0,0.0,0.0,0.0,0.0,4,2,
гоц╣,ав╩Й╨╦,ав╩Й,2014-06-02,23.8,8.5,11.6,,,63.2,0.0,0.0,0.0,0.0,0.0,4,3,
гоц╣,ав╩Й╨╦,ав╩Й,2014-06-10,24.0,7.4,6.4,,,19.7,0.0,0.0,0.0,0.0,0.0,2,а╓╥╝гя╟Х╧л╦╦,
гоц╣,ав╩Й╨╦,ав╩Й,2014-06-17,24.5,7.6,4.4,,,38.6,0.0,0.0,0.0,0.0,0.0,13,7,
гоц╣,ав╩Й╨╦,ав╩Й,2014-06-23,24.9,7.9,7.1,,,50.2,2675.0,2675.0,0.0,0.0,0.0,8,6,
гоц╣,ав╩Й╨╦,ав╩Й,2014-07-01,26.1,7.8,8.0,,,32.0,1725.0,1050.0,675.0,0.0,0.0,30,14,
гоц╣,ав╩Й╨╦,ав╩Й,2014-07-08,24.6,7.3,3.7,,,29.5,2225.0,2225.0,0.0,0.0,0.0,5,9,
гоц╣,ав╩Й╨╦,ав╩Й,2014-07-15,25.6,7.9,7.9,,,22.5,1700.0,1700.0,0.0,0.0,0.0,5,15,
гоц╣,ав╩Й╨╦,ав╩Й,2014-07-22,25.3,7.0,7.3,,,19.0,0.0,0.0,0.0,0.0,0.0,5,4,
гоц╣,ав╩Й╨╦,ав╩Й,2014-07-28,27.3,7.5,7.5,,,20.7,675.0,0.0,200.0,375.0,0.0,11,5,
гоц╣,ав╩Й╨╦,ав╩Й,2014-08-05,23.6,6.8,6.8,,,6.3,250.0,0.0,0.0,250.0,0.0,6,7,
гоц╣,ав╩Й╨╦,ав╩Й,2014-08-12,26.0,7.8,7.7,,,5.5,600.0,0.0,225.0,375.0,0.0,6,4,
гоц╣,ав╩Й╨╦,ав╩Й,2014-08-19,23.0,7.1,8.0,,,1.2,0.0,0.0,0.0,0.0,0.0,а╓╥╝гя╟Х╧л╦╦,6,
гоц╣,ав╩Й╨╦,ав╩Й,2014-08-26,23.7,7.3,9.3,,,1.9,0.0,0.0,0.0,0.0,0.0,а╓╥╝гя╟Х╧л╦╦,6,
гоц╣,ав╩Й╨╦,ав╩Й,2014-09-01,24.3,8.0,10.1,,,16.7,225.0,0.0,225.0,0.0,0.0,11,4,
гоц╣,ав╩Й╨╦,ав╩Й,2014-09-11,24.6,8.1,7.5,,,5.9,1350.0,0.0,350.0,1000.0,0.0,17,6,
гоц╣,ав╩Й╨╦,ав╩Й,2014-09-16,25.3,8.2,11.0,,,7.6,1425.0,550.0,350.0,0.0,525.0,15,6,
гоц╣,ав╩Й╨╦,ав╩Й,2014-09-22,24.9,8.4,13.2,,,17.1,1750.0,525.0,850.0,375.0,0.0,25,14,
гоц╣,ав╩Й╨╦,ав╩Й,2014-09-29,22.8,7.9,12.2,,,12.0,0.0,0.0,0.0,0.0,0.0,4,4,
гоц╣,ав╩Й╨╦,ав╩Й,2014-10-07,21.6,7.2,7.3,,,3.4,0.0,0.0,0.0,0.0,0.0,7,8,
гоц╣,ав╩Й╨╦,ав╩Й,2014-10-14,20.8,7.5,8.3,,,4.0,250.0,0.0,250.0,0.0,0.0,33,9,
гоц╣,ав╩Й╨╦,ав╩Й,2014-10-20,19.2,7.3,8.3,,,3.0,500.0,0.0,500.0,0.0,0.0,23,4,
гоц╣,ав╩Й╨╦,ав╩Й,2014-10-28,17.4,7.4,8.0,,,17.2,0.0,0.0,0.0,0.0,0.0,7,5,
гоц╣,ав╩Й╨╦,ав╩Й,2014-11-04,15.4,7.2,8.0,,,7.3,0.0,0.0,0.0,0.0,0.0,11,5,
гоц╣,ав╩Й╨╦,ав╩Й,2014-11-11,14.2,7.5,9.1,,,8.8,0.0,0.0,0.0,0.0,0.0,11,5,
гоц╣,ав╩Й╨╦,ав╩Й,2014-11-17,12.6,7.2,8.8,,,7.5,0.0,0.0,0.0,0.0,0.0,9,4,
гоц╣,ав╩Й╨╦,ав╩Й,2014-11-25,11.8,7.0,10.4,,,10.3,0.0,0.0,0.0,0.0,0.0,11,9,
гоц╣,ав╩Й╨╦,ав╩Й,2014-12-01,11.6,7.3,11.3,,,7.2,0.0,0.0,0.0,0.0,0.0,5,4,
гоц╣,ав╩Й╨╦,ав╩Й,2014-12-08,7.9,7.1,10.3,,,15.9,0.0,0.0,0.0,0.0,0.0,6,4,
гоц╣,ав╩Й╨╦,ав╩Й,2014-12-15,5.4,7.2,11.3,,,23.4,0.0,0.0,0.0,0.0,0.0,5,3,
гоц╣,ав╩Й╨╦,ав╩Й,2014-12-23,4.6,7.4,12.7,,,19.4,0.0,0.0,0.0,0.0,0.0,3,2,
гоц╣,ав╩Й╨╦,ав╩Й,2014-12-29,4.4,7.1,13.3,,,14.5,0.0,0.0,0.0,0.0,0.0,5,2,
гоц╣,╫бцл╨╦,╠╓╩Й,2015-01-05,5.3,7.0,12.8,,,3.3,0.0,0.0,0.0,0.0,0.0,7,4,
гоц╣,╫бцл╨╦,╠╓╩Й,2015-01-13,4.8,7.0,11.5,,,5.5,0.0,0.0,0.0,0.0,0.0,6,0,
гоц╣,╫бцл╨╦,╠╓╩Й,2015-01-20,5.3,7.0,12.9,,,7.7,0.0,0.0,0.0,0.0,0.0,9,7,
гоц╣,╫бцл╨╦,╠╓╩Й,2015-01-26,7.1,6.4,10.3,,,12.0,0.0,0.0,0.0,0.0,0.0,11,10,
гоц╣,╫бцл╨╦,╠╓╩Й,2015-02-02,5.5,7.1,12.0,,,15.3,0.0,0.0,0.0,0.0,0.0,6,2,
гоц╣,╫бцл╨╦,╠╓╩Й,2015-02-10,5.3,7.3,15.3,,,21.6,0.0,0.0,0.0,0.0,0.0,11,3,
гоц╣,╫бцл╨╦,╠╓╩Й,2015-02-16,7.1,6.9,11.7,,,28.8,0.0,0.0,0.0,0.0,0.0,9,4,
гоц╣,╫бцл╨╦,╠╓╩Й,2015-02-23,8.2,7.2,11.3,,,45.9,0.0,0.0,0.0,0.0,0.0,7,0,
гоц╣,╫бцл╨╦,╠╓╩Й,2015-03-02,8.0,6.8,12.7,,,55.4,0.0,0.0,0.0,0.0,0.0,14,11,
гоц╣,╫бцл╨╦,╠╓╩Й,2015-03-10,8.3,7.3,13.8,,,91.5,0.0,0.0,0.0,0.0,0.0,13,2,0.0
гоц╣,╫бцл╨╦,╠╓╩Й,2015-03-12,8.2,7.8,13.6,,,121.6,0.0,0.0,0.0,0.0,0.0,13,3,
гоц╣,╫бцл╨╦,╠╓╩Й,2015-03-16,9.2,7.6,12.8,,,73.4,0.0,0.0,0.0,0.0,0.0,13,5,0.0
гоц╣,╫бцл╨╦,╠╓╩Й,2015-03-24,13.5,7.8,11.2,,,142.0,0.0,0.0,0.0,0.0,0.0,17,0,0.0
гоц╣,╫бцл╨╦,╠╓╩Й,2015-03-26,13.1,8.2,13.4,,,150.5,0.0,0.0,0.0,0.0,0.0,19,6,0.0
гоц╣,╫бцл╨╦,╠╓╩Й,2015-03-30,13.0,7.6,9.4,,,136.8,0.0,0.0,0.0,0.0,0.0,18,7,0.0
гоц╣,╫бцл╨╦,╠╓╩Й,2015-04-07,14.4,7.0,3.4,,,9.1,0.0,0.0,0.0,0.0,0.0,13,10,0.0
гоц╣,╫бцл╨╦,╠╓╩Й,2015-04-14,15.3,7.3,9.0,,,75.5,0.0,0.0,0.0,0.0,0.0,9,0,0.0
гоц╣,╫бцл╨╦,╠╓╩Й,2015-04-20,15.6,7.3,9.1,,,97.7,0.0,0.0,0.0,0.0,0.0,5,12,0.0
гоц╣,╫бцл╨╦,╠╓╩Й,2015-04-27,18.0,7.2,8.3,,,41.5,0.0,0.0,0.0,0.0,0.0,6,10,0.0
гоц╣,╫бцл╨╦,╠╓╩Й,2015-05-04,20.2,6.9,7.6,,,65.7,0.0,0.0,0.0,0.0,0.0,8,0,0.0
гоц╣,╫бцл╨╦,╠╓╩Й,2015-05-11,19.7,6.9,2.6,,,55.4,0.0,0.0,0.0,0.0,0.0,3,9,0.0
гоц╣,╫бцл╨╦,╠╓╩Й,2015-05-19,21.2,6.9,5.7,,,49.0,0.0,0.0,0.0,0.0,0.0,4,9,0.0
гоц╣,╫бцл╨╦,╠╓╩Й,2015-05-26,22.5,7.4,9.7,,,55.1,0.0,0.0,0.0,0.0,0.0,5,7,0.0
гоц╣,╫бцл╨╦,╠╓╩Й,2015-06-02,24.4,7.0,9.8,,,46.8,0.0,0.0,0.0,0.0,0.0,0,0,0.0
гоц╣,╫бцл╨╦,╠╓╩Й,2015-06-08,23.5,6.8,8.4,,,56.6,0.0,0.0,0.0,0.0,0.0,31,12,0.0
гоц╣,╫бцл╨╦,╠╓╩Й,2015-06-16,24.0,6.4,3.4,,,15.4,0.0,0.0,0.0,0.0,0.0,6,5,0.0
гоц╣,╫бцл╨╦,╠╓╩Й,2015-06-23,23.7,6.3,5.0,,,30.0,0.0,0.0,0.0,0.0,0.0,4,4,0.0
гоц╣,╫бцл╨╦,╠╓╩Й,2015-06-29,24.0,6.8,7.2,,,74.4,0.0,0.0,0.0,0.0,0.0,4,3,0.0
гоц╣,╫бцл╨╦,╠╓╩Й,2015-07-06,26.0,7.7,9.3,,,82.0,4825.0,4375.0,450.0,0.0,0.0,4,5,0.0
гоц╣,╫бцл╨╦,╠╓╩Й,2015-07-14,23.9,7.0,5.9,,,8.7,0.0,0.0,0.0,0.0,0.0,3,0,0.0
гоц╣,╫бцл╨╦,╠╓╩Й,2015-07-20,27.0,7.6,6.8,,,69.1,3525.0,1875.0,1050.0,0.0,600.0,30,0,0.0
гоц╣,╫бцл╨╦,╠╓╩Й,2015-07-28,27.8,7.6,6.5,,,68.1,2000.0,1625.0,375.0,0.0,0.0,4,0,0.0
гоц╣,╫бцл╨╦,╠╓╩Й,2015-08-03,30.3,7.4,7.9,,,64.2,4425.0,3025.0,1400.0,0.0,0.0,12,4,0.0
гоц╣,╫бцл╨╦,╠╓╩Й,2015-08-10,29.6,7.1,4.7,,,79.9,4075.0,4075.0,0.0,0.0,0.0,89,4,0.0
гоц╣,╫бцл╨╦,╠╓╩Й,2015-08-17,27.5,7.5,6.9,,,60.5,5375.0,4875.0,500.0,0.0,0.0,6,5,0.0
гоц╣,╫бцл╨╦,╠╓╩Й,2015-08-25,25.3,6.9,5.9,,,30.8,0.0,0.0,0.0,0.0,0.0,5,6,0.0
гоц╣,╫бцл╨╦,╠╓╩Й,2015-08-31,26.3,7.5,8.3,,,64.4,0.0,0.0,0.0,0.0,0.0,4,5,0.0
гоц╣,╫бцл╨╦,╠╓╩Й,2015-09-08,24.7,6.9,4.7,,,28.6,0.0,0.0,0.0,0.0,0.0,5,5,0.0
гоц╣,╫бцл╨╦,╠╓╩Й,2015-09-14,23.9,7.6,11.8,,,95.2,0.0,0.0,0.0,0.0,0.0,4,7,0.0
гоц╣,╫бцл╨╦,╠╓╩Й,2015-09-22,24.0,7.2,8.8,,,17.1,0.0,0.0,0.0,0.0,0.0,7,8,0.0
гоц╣,╫бцл╨╦,╠╓╩Й,2015-09-30,23.2,7.0,6.9,,,11.4,0.0,0.0,0.0,0.0,0.0,5,6,0.0
гоц╣,╫бцл╨╦,╠╓╩Й,2015-10-05,20.5,7.0,6.1,,,20.3,0.0,0.0,0.0,0.0,0.0,4,4,0.0
гоц╣,╫бцл╨╦,╠╓╩Й,2015-10-12,19.9,7.4,12.7,,,71.2,0.0,0.0,0.0,0.0,0.0,8,22,0.0
гоц╣,╫бцл╨╦,╠╓╩Й,2015-10-20,19.9,7.0,7.8,,,35.8,0.0,0.0,0.0,0.0,0.0,4,27,0.0
гоц╣,╫бцл╨╦,╠╓╩Й,2015-10-26,19.9,6.7,8.9,,,27.9,0.0,0.0,0.0,0.0,0.0,7,18,0.0
гоц╣,╫бцл╨╦,╠╓╩Й,2015-11-02,15.5,6.7,5.0,,,22.1,0.0,0.0,0.0,0.0,0.0,6,5,0.0
гоц╣,╫бцл╨╦,╠╓╩Й,2015-11-09,16.9,6.7,5.5,,,29.1,0.0,0.0,0.0,0.0,0.0,9,6,0.0
гоц╣,╫бцл╨╦,╠╓╩Й,2015-11-17,15.4,6.8,6.0,,,23.3,0.0,0.0,0.0,0.0,0.0,3,0,0.0
гоц╣,╫бцл╨╦,╠╓╩Й,2015-11-24,14.5,6.6,6.7,,,17.6,0.0,0.0,0.0,0.0,0.0,6,3,0.0
гоц╣,╫бцл╨╦,╠╓╩Й,2015-12-01,9.7,6.4,8.7,,,7.3,0.0,0.0,0.0,0.0,0.0,5,4,0.0
гоц╣,╫бцл╨╦,╠╓╩Й,2015-12-07,8.8,6.6,8.0,,,5.2,0.0,0.0,0.0,0.0,0.0,6,4,0.0
гоц╣,╫бцл╨╦,╠╓╩Й,2015-12-15,10.7,6.4,8.4,,,6.2,0.0,0.0,0.0,0.0,0.0,5,4,0.0
гоц╣,╫бцл╨╦,╠╓╩Й,2015-12-21,8.0,6.8,10.3,,,10.1,0.0,0.0,0.0,0.0,0.0,5,2,0.0
гоц╣,ав╩Й╨╦,ав╩Й,2015-01-06,4.6,7.2,15.4,,,28.8,0.0,0.0,0.0,0.0,0.0,5,0,
гоц╣,ав╩Й╨╦,ав╩Й,2015-01-12,4.5,6.9,12.7,,,28.1,0.0,0.0,0.0,0.0,0.0,10,0,
гоц╣,ав╩Й╨╦,ав╩Й,2015-01-19,4.2,7.0,13.4,,,34.2,0.0,0.0,0.0,0.0,0.0,6,4,
гоц╣,ав╩Й╨╦,ав╩Й,2015-01-27,5.1,7.2,15.1,,,57.6,0.0,0.0,0.0,0.0,0.0,7,2,
гоц╣,ав╩Й╨╦,ав╩Й,2015-02-03,4.9,8.1,15.5,,,55.2,0.0,0.0,0.0,0.0,0.0,4,0,
гоц╣,ав╩Й╨╦,ав╩Й,2015-02-09,4.5,6.7,16.5,,,74.6,0.0,0.0,0.0,0.0,0.0,7,3,
гоц╣,ав╩Й╨╦,ав╩Й,2015-02-16,5.5,7.8,17.6,,,123.7,0.0,0.0,0.0,0.0,0.0,5,4,
гоц╣,ав╩Й╨╦,ав╩Й,2015-02-23,6.2,7.3,14.7,,,82.3,0.0,0.0,0.0,0.0,0.0,5,0,
гоц╣,ав╩Й╨╦,ав╩Й,2015-03-03,7.0,8.0,16.7,,,117.7,0.0,0.0,0.0,0.0,0.0,13,3,
гоц╣,ав╩Й╨╦,ав╩Й,2015-03-05,7.0,8.1,14.5,,,114.4,0.0,0.0,0.0,0.0,0.0,10,15,
гоц╣,ав╩Й╨╦,ав╩Й,2015-03-10,7.3,8.3,15.5,,,120.0,0.0,0.0,0.0,0.0,0.0,13,0,0.0
гоц╣,ав╩Й╨╦,ав╩Й,2015-03-12,7.3,8.5,13.8,,,125.7,0.0,0.0,0.0,0.0,0.0,13,3,
гоц╣,ав╩Й╨╦,ав╩Й,2015-03-17,8.0,8.3,13.4,,,91.2,0.0,0.0,0.0,0.0,0.0,16,0,0.0
гоц╣,ав╩Й╨╦,ав╩Й,2015-03-23,10.8,8.1,12.5,,,46.0,0.0,0.0,0.0,0.0,0.0,16,3,0.0
гоц╣,ав╩Й╨╦,ав╩Й,2015-03-31,13.3,8.2,13.8,,,44.2,0.0,0.0,0.0,0.0,0.0,19,7,0.0
гоц╣,ав╩Й╨╦,ав╩Й,2015-04-07,13.6,7.2,6.6,,,21.4,0.0,0.0,0.0,0.0,0.0,15,13,0.0
гоц╣,ав╩Й╨╦,ав╩Й,2015-04-13,15.3,7.7,10.9,,,73.6,0.0,0.0,0.0,0.0,0.0,17,2,0.0
гоц╣,ав╩Й╨╦,ав╩Й,2015-04-21,15.1,7.3,7.7,,,47.8,0.0,0.0,0.0,0.0,0.0,7,0,0.0
гоц╣,ав╩Й╨╦,ав╩Й,2015-04-28,17.5,8.2,13.5,,,45.9,0.0,0.0,0.0,0.0,0.0,9,7,0.0
гоц╣,ав╩Й╨╦,ав╩Й,2015-05-04,18.9,6.9,5.5,,,29.2,0.0,0.0,0.0,0.0,0.0,7,0,0.0
гоц╣,ав╩Й╨╦,ав╩Й,2015-05-11,19.5,7.3,6.8,,,23.5,0.0,0.0,0.0,0.0,0.0,3,5,0.0
гоц╣,ав╩Й╨╦,ав╩Й,2015-05-19,20.6,7.1,6.5,,,6.3,0.0,0.0,0.0,0.0,0.0,6,5,0.0
гоц╣,ав╩Й╨╦,ав╩Й,2015-05-26,21.5,7.9,8.4,,,55.6,0.0,0.0,0.0,0.0,0.0,21,2,0.0
гоц╣,ав╩Й╨╦,ав╩Й,2015-06-02,23.3,7.7,6.8,,,50.7,975.0,0.0,0.0,675.0,300.0,9,0,0.0
гоц╣,ав╩Й╨╦,ав╩Й,2015-06-08,23.7,8.0,9.6,,,72.7,1350.0,0.0,1000.0,0.0,350.0,32,18,0.0
гоц╣,ав╩Й╨╦,ав╩Й,2015-06-16,24.3,7.2,6.9,,,40.5,325.0,0.0,0.0,0.0,325.0,30,9,0.0
гоц╣,ав╩Й╨╦,ав╩Й,2015-06-23,24.9,7.4,7.0,,,48.4,475.0,475.0,0.0,0.0,0.0,14,7,0.0
гоц╣,ав╩Й╨╦,ав╩Й,2015-06-29,24.0,6.8,4.2,,,12.6,0.0,0.0,0.0,0.0,0.0,4,5,0.0
гоц╣,ав╩Й╨╦,ав╩Й,2015-07-06,24.9,8.3,8.3,,,66.3,3525.0,3150.0,0.0,0.0,375.0,16,5,0.0
гоц╣,ав╩Й╨╦,ав╩Й,2015-07-14,23.0,6.7,6.3,,,9.5,0.0,0.0,0.0,0.0,0.0,4,0,0.0
гоц╣,ав╩Й╨╦,ав╩Й,2015-07-20,27.2,8.5,10.5,,,39.9,7675.0,5100.0,1625.0,0.0,950.0,93,0,0.0
гоц╣,ав╩Й╨╦,ав╩Й,2015-07-28,27.7,7.5,7.0,,,14.1,8325.0,2625.0,900.0,0.0,4800.0,21,0,0.0
гоц╣,ав╩Й╨╦,ав╩Й,2015-08-03,29.4,8.4,9.7,,,66.1,17225.0,6625.0,1850.0,0.0,8750.0,60,8,0.0
гоц╣,ав╩Й╨╦,ав╩Й,2015-08-06,29.8,9.0,10.7,,,21.1,8400.0,4925.0,1675.0,1000.0,800.0,17,28,
гоц╣,ав╩Й╨╦,ав╩Й,2015-08-10,30.0,8.6,8.0,,,40.9,12425.0,10700.0,625.0,0.0,1100.0,8,12,0.0
гоц╣,ав╩Й╨╦,ав╩Й,2015-08-12,28.6,7.8,5.4,,,46.9,2000.0,1450.0,0.0,0.0,550.0,6,27,
гоц╣,ав╩Й╨╦,ав╩Й,2015-08-17,28.2,7.7,5.5,,,20.2,29350.0,28100.0,1250.0,0.0,0.0,4,17,0.0
гоц╣,ав╩Й╨╦,ав╩Й,2015-08-19,28.1,8.3,6.4,,,26.5,45900.0,45150.0,750.0,0.0,0.0,7,17,
гоц╣,ав╩Й╨╦,ав╩Й,2015-08-25,26.2,7.1,5.7,,,17.2,700.0,700.0,0.0,0.0,0.0,5,11,0.0
гоц╣,ав╩Й╨╦,ав╩Й,2015-08-27,25.5,7.3,6.5,,,29.0,1375.0,1375.0,0.0,0.0,0.0,5,9,
гоц╣,ав╩Й╨╦,ав╩Й,2015-08-31,26.1,8.5,9.6,,,43.2,6950.0,6950.0,0.0,0.0,0.0,3,11,0.0
гоц╣,ав╩Й╨╦,ав╩Й,2015-09-08,25.4,7.1,6.0,,,22.1,0.0,0.0,0.0,0.0,0.0,5,19,0.0
гоц╣,ав╩Й╨╦,ав╩Й,2015-09-14,24.5,7.7,9.0,,,45.2,2775.0,1675.0,400.0,700.0,0.0,9,10,0.0
гоц╣,ав╩Й╨╦,ав╩Й,2015-09-22,23.6,7.4,7.8,,,34.8,1025.0,1025.0,0.0,0.0,0.0,11,21,0.0
гоц╣,ав╩Й╨╦,ав╩Й,2015-09-30,23.8,8.2,12.5,,,67.7,5150.0,4450.0,700.0,0.0,0.0,9,17,0.0
гоц╣,ав╩Й╨╦,ав╩Й,2015-10-05,20.8,7.1,6.0,,,7.1,0.0,0.0,0.0,0.0,0.0,3,4,0.0
гоц╣,ав╩Й╨╦,ав╩Й,2015-10-12,19.9,7.2,8.5,,,27.5,0.0,0.0,0.0,0.0,0.0,5,4,0.0
гоц╣,ав╩Й╨╦,ав╩Й,2015-10-20,19.4,7.8,10.0,,,43.6,875.0,875.0,0.0,0.0,0.0,4,4,0.0
гоц╣,ав╩Й╨╦,ав╩Й,2015-10-26,19.4,7.4,9.7,,,34.2,575.0,575.0,0.0,0.0,0.0,7,9,0.0
гоц╣,ав╩Й╨╦,ав╩Й,2015-11-02,16.6,7.6,10.0,,,54.7,1450.0,1450.0,0.0,0.0,0.0,4,18,0.0
гоц╣,ав╩Й╨╦,ав╩Й,2015-11-09,16.0,6.7,7.6,,,37.3,0.0,0.0,0.0,0.0,0.0,5,13,0.0
гоц╣,ав╩Й╨╦,ав╩Й,2015-11-17,15.2,6.9,6.5,,,18.4,0.0,0.0,0.0,0.0,0.0,4,0,0.0
гоц╣,ав╩Й╨╦,ав╩Й,2015-11-24,14.7,6.7,5.9,,,13.3,0.0,0.0,0.0,0.0,0.0,4,2,0.0
гоц╣,ав╩Й╨╦,ав╩Й,2015-12-01,11.4,7.0,8.6,,,22.2,0.0,0.0,0.0,0.0,0.0,4,2,0.0
гоц╣,ав╩Й╨╦,ав╩Й,2015-12-07,8.8,6.2,9.1,,,13.6,0.0,0.0,0.0,0.0,0.0,6,2,0.0
гоц╣,ав╩Й╨╦,ав╩Й,2015-12-15,9.3,6.9,9.8,,,16.3,0.0,0.0,0.0,0.0,0.0,5,2,0.0
гоц╣,ав╩Й╨╦,ав╩Й,2015-12-21,8.4,6.5,9.1,,,17.0,0.0,0.0,0.0,0.0,0.0,4,0,0.0
гоц╣,╫бцл╨╦,╠╓╩Й,2016-01-04,7.7,6.8,11.8,,,16.9,0.0,0.0,0.0,0.0,0.0,0,0,0.0
гоц╣,╫бцл╨╦,╠╓╩Й,2016-01-11,7.5,7.5,12.7,,,36.9,0.0,0.0,0.0,0.0,0.0,6,5,0.0
гоц╣,╫бцл╨╦,╠╓╩Й,2016-01-18,7.0,7.4,13.6,,,38.9,0.0,0.0,0.0,0.0,0.0,7,3,0.0
гоц╣,╫бцл╨╦,╠╓╩Й,2016-01-28,4.2,7.0,13.1,,,21.2,0.0,0.0,0.0,0.0,0.0,6,4,0.0
гоц╣,╫бцл╨╦,╠╓╩Й,2016-02-02,4.2,6.7,11.3,,,13.3,0.0,0.0,0.0,0.0,0.0,7,0,0.0
гоц╣,╫бцл╨╦,╠╓╩Й,2016-02-11,6.3,7.1,13.2,,,14.7,0.0,0.0,0.0,0.0,0.0,6,8,0.0
гоц╣,╫бцл╨╦,╠╓╩Й,2016-02-15,8.8,7.2,10.2,,,16.0,0.0,0.0,0.0,0.0,0.0,8,0,0.0
гоц╣,╫бцл╨╦,╠╓╩Й,2016-02-22,7.8,6.8,11.5,,,13.1,0.0,0.0,0.0,0.0,0.0,8,3,0.0
гоц╣,╫бцл╨╦,╠╓╩Й,2016-02-29,7.3,7.5,13.9,,,44.5,0.0,0.0,0.0,0.0,0.0,10,0,0.0
гоц╣,╫бцл╨╦,╠╓╩Й,2016-03-07,12.1,7.0,8.3,,,5.7,0.0,0.0,0.0,0.0,0.0,12,0,0.0
гоц╣,╫бцл╨╦,╠╓╩Й,2016-03-14,8.3,6.7,12.6,,,15.6,0.0,0.0,0.0,0.0,0.0,9,0,0.0
гоц╣,╫бцл╨╦,╠╓╩Й,2016-03-21,12.8,7.1,8.6,,,59.8,0.0,0.0,0.0,0.0,0.0,9,0,0.0
гоц╣,╫бцл╨╦,╠╓╩Й,2016-03-28,13.0,8.0,12.2,,,104.5,0.0,0.0,0.0,0.0,0.0,10,3,0.0
гоц╣,╫бцл╨╦,╠╓╩Й,2016-04-04,15.7,7.6,13.6,,,82.1,0.0,0.0,0.0,0.0,0.0,7,0,0.0
гоц╣,╫бцл╨╦,╠╓╩Й,2016-04-11,16.3,7.7,10.0,,,107.0,0.0,0.0,0.0,0.0,0.0,10,4,0.0
гоц╣,╫бцл╨╦,╠╓╩Й,2016-04-18,16.2,6.8,8.4,,,36.7,0.0,0.0,0.0,0.0,0.0,9,3,0.0
гоц╣,╫бцл╨╦,╠╓╩Й,2016-04-25,18.0,6.5,7.9,,,31.2,0.0,0.0,0.0,0.0,0.0,5,3,0.0
гоц╣,╫бцл╨╦,╠╓╩Й,2016-05-02,19.1,6.7,8.5,,,39.0,0.0,0.0,0.0,0.0,0.0,5,3,0.0
гоц╣,╫бцл╨╦,╠╓╩Й,2016-05-09,19.4,6.2,8.3,,,49.0,0.0,0.0,0.0,0.0,0.0,4,3,0.0
гоц╣,╫бцл╨╦,╠╓╩Й,2016-05-16,21.2,6.9,13.2,,,139.2,0.0,0.0,0.0,0.0,0.0,6,4,0.0
гоц╣,╫бцл╨╦,╠╓╩Й,2016-05-23,23.8,7.5,10.9,,,51.5,0.0,0.0,0.0,0.0,0.0,5,4,0.0
гоц╣,╫бцл╨╦,╠╓╩Й,2016-05-30,23.3,7.1,6.2,,,50.3,0.0,0.0,0.0,0.0,0.0,5,3,0.0
гоц╣,╫бцл╨╦,╠╓╩Й,2016-06-07,22.4,6.4,5.9,,,22.7,350.0,0.0,0.0,0.0,350.0,4,3,0.0
гоц╣,╫бцл╨╦,╠╓╩Й,2016-06-13,24.6,7.2,10.1,,,73.7,700.0,700.0,0.0,0.0,0.0,3,4,0.0
гоц╣,╫бцл╨╦,╠╓╩Й,2016-06-20,25.4,7.0,7.5,,,57.5,1700.0,1700.0,0.0,0.0,0.0,3,4,0.0
гоц╣,╫бцл╨╦,╠╓╩Й,2016-06-27,24.6,6.9,5.1,,,15.5,0.0,0.0,0.0,0.0,0.0,4,5,0.0
гоц╣,╫бцл╨╦,╠╓╩Й,2016-07-05,23.1,6.6,6.7,,,2.3,0.0,0.0,0.0,0.0,0.0,4,4,0.0
гоц╣,╫бцл╨╦,╠╓╩Й,2016-07-11,27.2,7.3,5.5,,,59.5,3100.0,1275.0,900.0,0.0,925.0,17,60,0.0
гоц╣,╫бцл╨╦,╠╓╩Й,2016-07-18,25.5,6.5,5.3,,,39.4,0.0,0.0,0.0,0.0,0.0,5,8,0.0
гоц╣,╫бцл╨╦,╠╓╩Й,2016-07-25,29.0,7.2,8.5,,,45.5,6840.0,5620.0,1020.0,0.0,200.0,65,7,0.0
гоц╣,╫бцл╨╦,╠╓╩Й,2016-08-01,30.1,6.7,2.6,,,39.7,8600.0,7675.0,400.0,0.0,525.0,81,6,0.0
гоц╣,╫бцл╨╦,╠╓╩Й,2016-08-08,29.1,7.1,3.4,,,90.1,3525.0,3200.0,0.0,0.0,325.0,5,10,0.0
гоц╣,╫бцл╨╦,╠╓╩Й,2016-08-11,29.0,6.5,1.7,,,82.3,1875.0,1875.0,0.0,0.0,0.0,2,6,0.0
гоц╣,╫бцл╨╦,╠╓╩Й,2016-08-16,30.1,6.9,4.1,,,69.5,27380.0,25320.0,620.0,0.0,1440.0,5,10,0.0
гоц╣,╫бцл╨╦,╠╓╩Й,2016-08-18,29.9,7.1,4.2,,,62.9,18060.0,15020.0,2060.0,980.0,0.0,6,12,0.0
гоц╣,╫бцл╨╦,╠╓╩Й,2016-08-22,30.2,6.6,5.8,,,53.0,18700.0,16520.0,280.0,1900.0,0.0,6,14,0.0
гоц╣,╫бцл╨╦,╠╓╩Й,2016-08-25,29.9,6.9,6.2,,,42.7,18960.0,16960.0,0.0,2000.0,0.0,5,14,0.0
гоц╣,╫бцл╨╦,╠╓╩Й,2016-08-29,25.4,6.8,5.5,,,52.8,0.0,0.0,0.0,0.0,0.0,7,8,0.0
гоц╣,╫бцл╨╦,╠╓╩Й,2016-09-01,24.4,6.7,9.2,,,97.0,0.0,0.0,0.0,0.0,0.0,5,8,0.0
гоц╣,╫бцл╨╦,╠╓╩Й,2016-09-05,25.2,7.6,5.9,,,90.4,0.0,0.0,0.0,0.0,0.0,5,8,0.0
гоц╣,╫бцл╨╦,╠╓╩Й,2016-09-08,25.5,6.8,4.4,,,50.0,0.0,0.0,0.0,0.0,0.0,5,7,0.0
гоц╣,╫бцл╨╦,╠╓╩Й,2016-09-12,25.3,6.3,5.0,,,31.9,400.0,400.0,0.0,0.0,0.0,5,8,0.0
гоц╣,╫бцл╨╦,╠╓╩Й,2016-09-20,21.8,6.6,6.8,,,3.4,0.0,0.0,0.0,0.0,0.0,6,6,0.0
гоц╣,╫бцл╨╦,╠╓╩Й,2016-09-26,23.5,7.6,9.4,,,72.2,0.0,0.0,0.0,0.0,0.0,5,9,0.0
гоц╣,╫бцл╨╦,╠╓╩Й,2016-10-04,22.9,6.5,4.0,,,10.5,0.0,0.0,0.0,0.0,0.0,4,7,0.0
гоц╣,╫бцл╨╦,╠╓╩Й,2016-10-10,17.9,6.7,7.2,,,6.6,0.0,0.0,0.0,0.0,0.0,3,3,0.0
гоц╣,╫бцл╨╦,╠╓╩Й,2016-10-18,18.1,6.5,9.7,,,4.1,0.0,0.0,0.0,0.0,0.0,3,3,0.0
гоц╣,╫бцл╨╦,╠╓╩Й,2016-10-24,19.0,6.4,7.3,,,12.3,0.0,0.0,0.0,0.0,0.0,4,4,0.0
гоц╣,╫бцл╨╦,╠╓╩Й,2016-11-01,14.6,7.5,6.7,,,8.9,0.0,0.0,0.0,0.0,0.0,4,4,0.0
гоц╣,╫бцл╨╦,╠╓╩Й,2016-11-07,14.0,6.6,9.8,,,34.4,0.0,0.0,0.0,0.0,0.0,7,5,0.0
гоц╣,╫бцл╨╦,╠╓╩Й,2016-11-14,13.6,6.8,11.6,,,62.8,0.0,0.0,0.0,0.0,0.0,9,5,0.0
гоц╣,╫бцл╨╦,╠╓╩Й,2016-11-21,14.3,7.2,11.2,,,65.9,0.0,0.0,0.0,0.0,0.0,5,5,0.0
гоц╣,╫бцл╨╦,╠╓╩Й,2016-11-28,9.6,7.0,14.6,,,69.2,0.0,0.0,0.0,0.0,0.0,5,3,0.0
гоц╣,╫бцл╨╦,╠╓╩Й,2016-12-05,9.0,6.8,9.1,,,34.1,0.0,0.0,0.0,0.0,0.0,6,4,0.0
гоц╣,╫бцл╨╦,╠╓╩Й,2016-12-12,8.0,6.9,13.2,,,63.5,0.0,0.0,0.0,0.0,0.0,6,3,0.0
гоц╣,╫бцл╨╦,╠╓╩Й,2016-12-19,7.4,7.1,11.8,,,40.3,0.0,0.0,0.0,0.0,0.0,7,3,0.0
гоц╣,╫бцл╨╦,╠╓╩Й,2016-12-26,8.8,7.0,9.6,,,48.2,0.0,0.0,0.0,0.0,0.0,7,4,0.0
гоц╣,ав╩Й╨╦,ав╩Й,2016-01-04,6.8,7.7,15.6,,,86.9,0.0,0.0,0.0,0.0,0.0,3,0,0.0
гоц╣,ав╩Й╨╦,ав╩Й,2016-01-08,6.2,8.3,16.1,,,120.5,0.0,0.0,0.0,0.0,0.0,5,3,0.0
гоц╣,ав╩Й╨╦,ав╩Й,2016-01-11,5.8,8.1,14.2,,,114.7,0.0,0.0,0.0,0.0,0.0,5,2,0.0
гоц╣,ав╩Й╨╦,ав╩Й,2016-01-13,5.6,8.3,14.5,,,121.7,0.0,0.0,0.0,0.0,0.0,5,5,0.0
гоц╣,ав╩Й╨╦,ав╩Й,2016-01-18,5.3,8.0,17.0,,,112.9,0.0,0.0,0.0,0.0,0.0,5,0,0.0
гоц╣,ав╩Й╨╦,ав╩Й,2016-01-20,4.2,7.9,14.6,,,123.2,0.0,0.0,0.0,0.0,0.0,5,2,0.0
гоц╣,ав╩Й╨╦,ав╩Й,2016-01-28,3.2,8.4,15.8,,,116.6,0.0,0.0,0.0,0.0,0.0,6,3,0.0
гоц╣,ав╩Й╨╦,ав╩Й,2016-02-02,3.4,7.1,14.1,,,32.6,0.0,0.0,0.0,0.0,0.0,7,0,0.0
гоц╣,ав╩Й╨╦,ав╩Й,2016-02-11,4.9,7.8,14.4,,,66.8,0.0,0.0,0.0,0.0,0.0,6,0,0.0
гоц╣,ав╩Й╨╦,ав╩Й,2016-02-15,6.0,7.3,14.4,,,43.1,0.0,0.0,0.0,0.0,0.0,6,0,0.0
гоц╣,ав╩Й╨╦,ав╩Й,2016-02-22,7.3,7.2,12.9,,,38.6,0.0,0.0,0.0,0.0,0.0,8,4,0.0
гоц╣,ав╩Й╨╦,ав╩Й,2016-02-29,6.9,7.4,13.9,,,75.1,0.0,0.0,0.0,0.0,0.0,11,0,0.0
гоц╣,ав╩Й╨╦,ав╩Й,2016-03-07,10.5,7.1,11.1,,,27.4,0.0,0.0,0.0,0.0,0.0,14,0,0.0
гоц╣,ав╩Й╨╦,ав╩Й,2016-03-14,9.3,6.9,11.8,,,15.7,0.0,0.0,0.0,0.0,0.0,11,0,0.0
гоц╣,ав╩Й╨╦,ав╩Й,2016-03-21,10.8,7.0,10.3,,,47.4,0.0,0.0,0.0,0.0,0.0,13,0,0.0
гоц╣,ав╩Й╨╦,ав╩Й,2016-03-28,11.3,7.8,13.3,,,87.6,0.0,0.0,0.0,0.0,0.0,14,0,0.0
гоц╣,ав╩Й╨╦,ав╩Й,2016-04-04,14.7,8.2,13.4,,,28.5,0.0,0.0,0.0,0.0,0.0,11,0,0.0
гоц╣,ав╩Й╨╦,ав╩Й,2016-04-11,15.7,6.6,6.9,,,17.8,0.0,0.0,0.0,0.0,0.0,12,3,0.0
гоц╣,ав╩Й╨╦,ав╩Й,2016-04-18,16.9,6.6,6.5,,,16.6,0.0,0.0,0.0,0.0,0.0,11,3,0.0
гоц╣,ав╩Й╨╦,ав╩Й,2016-04-25,17.4,7.7,11.6,,,61.5,0.0,0.0,0.0,0.0,0.0,6,4,0.0
гоц╣,ав╩Й╨╦,ав╩Й,2016-05-02,18.0,7.2,9.5,,,32.9,0.0,0.0,0.0,0.0,0.0,5,3,0.0
гоц╣,ав╩Й╨╦,ав╩Й,2016-05-09,18.7,7.3,10.1,,,59.7,0.0,0.0,0.0,0.0,0.0,7,3,0.0
гоц╣,ав╩Й╨╦,ав╩Й,2016-05-16,21.0,8.4,13.3,,,84.7,0.0,0.0,0.0,0.0,0.0,12,7,0.0
гоц╣,ав╩Й╨╦,ав╩Й,2016-05-23,24.5,8.6,10.6,,,13.6,0.0,0.0,0.0,0.0,0.0,22,7,0.0
гоц╣,ав╩Й╨╦,ав╩Й,2016-05-30,23.2,7.1,6.8,,,38.4,375.0,0.0,0.0,0.0,375.0,60,7,0.0
гоц╣,ав╩Й╨╦,ав╩Й,2016-06-07,23.8,7.3,9.8,,,45.5,2525.0,675.0,825.0,0.0,1025.0,195,11,0.0
гоц╣,ав╩Й╨╦,ав╩Й,2016-06-13,23.8,7.8,8.8,,,40.0,11280.0,5840.0,5020.0,0.0,420.0,106,7,0.0
гоц╣,ав╩Й╨╦,ав╩Й,2016-06-16,25.0,8.4,8.6,,,69.6,16460.0,12060.0,3900.0,0.0,500.0,115,7,0.0
гоц╣,ав╩Й╨╦,ав╩Й,2016-06-20,24.9,7.8,6.4,,,45.5,850.0,650.0,0.0,0.0,200.0,48,7,0.0
гоц╣,ав╩Й╨╦,ав╩Й,2016-06-23,25.7,7.5,7.4,,,28.4,15100.0,14420.0,680.0,0.0,0.0,17,8,0.0
гоц╣,ав╩Й╨╦,ав╩Й,2016-06-27,24.5,6.8,6.6,,,9.5,0.0,0.0,0.0,0.0,0.0,5,6,0.0
гоц╣,ав╩Й╨╦,ав╩Й,2016-06-30,25.2,7.1,7.5,,,25.6,0.0,0.0,0.0,0.0,0.0,5,4,0.0
гоц╣,ав╩Й╨╦,ав╩Й,2016-07-05,21.8,6.2,7.4,,,2.8,0.0,0.0,0.0,0.0,0.0,4,6,0.0
гоц╣,ав╩Й╨╦,ав╩Й,2016-07-11,26.8,7.1,6.7,,,28.9,150.0,0.0,150.0,0.0,0.0,9,15,0.0
гоц╣,ав╩Й╨╦,ав╩Й,2016-07-18,26.3,6.8,5.5,,,14.9,600.0,425.0,175.0,0.0,0.0,26,39,0.0
гоц╣,ав╩Й╨╦,ав╩Й,2016-07-25,27.3,7.7,5.4,,,19.8,0.0,0.0,0.0,0.0,0.0,47,12,0.0
гоц╣,ав╩Й╨╦,ав╩Й,2016-08-01,28.9,7.3,4.2,,,12.1,1200.0,1200.0,0.0,0.0,0.0,39,9,0.0
гоц╣,ав╩Й╨╦,ав╩Й,2016-08-08,29.7,7.8,4.5,,,11.0,17280.0,17280.0,0.0,0.0,0.0,45,12,0.0
гоц╣,ав╩Й╨╦,ав╩Й,2016-08-11,29.8,7.8,5.0,,,8.6,17440.0,16240.0,1200.0,0.0,0.0,26,16,0.0
гоц╣,ав╩Й╨╦,ав╩Й,2016-08-16,30.1,7.3,5.0,,,10.1,14450.0,14450.0,0.0,0.0,0.0,9,29,0.0
гоц╣,ав╩Й╨╦,ав╩Й,2016-08-18,30.2,8.0,5.1,,,13.8,71840.0,71640.0,200.0,0.0,0.0,8,26,0.0
гоц╣,ав╩Й╨╦,ав╩Й,2016-08-22,30.4,7.2,5.6,,,16.9,17280.0,17280.0,0.0,0.0,0.0,5,28,0.0
гоц╣,ав╩Й╨╦,ав╩Й,2016-08-25,30.2,6.8,2.7,,,11.5,23500.0,23500.0,0.0,0.0,0.0,5,30,0.0
гоц╣,ав╩Й╨╦,ав╩Й,2016-08-29,27.9,6.8,4.0,,,24.4,15120.0,15120.0,0.0,0.0,0.0,7,28,0.0
гоц╣,ав╩Й╨╦,ав╩Й,2016-09-01,26.1,6.8,6.0,,,17.4,4040.0,4040.0,0.0,0.0,0.0,6,25,0.0
гоц╣,ав╩Й╨╦,ав╩Й,2016-09-05,25.7,7.2,6.3,,,21.1,0.0,0.0,0.0,0.0,0.0,3,19,0.0
гоц╣,ав╩Й╨╦,ав╩Й,2016-09-12,25.9,6.5,5.4,,,14.2,0.0,0.0,0.0,0.0,0.0,5,13,0.0
гоц╣,ав╩Й╨╦,ав╩Й,2016-09-20,21.5,7.0,6.6,,,3.0,0.0,0.0,0.0,0.0,0.0,7,8,0.0
гоц╣,ав╩Й╨╦,ав╩Й,2016-09-26,23.1,7.9,11.1,,,89.4,0.0,0.0,0.0,0.0,0.0,9,9,0.0
гоц╣,ав╩Й╨╦,ав╩Й,2016-10-04,22.6,6.7,5.9,,,18.1,0.0,0.0,0.0,0.0,0.0,5,6,0.0
гоц╣,ав╩Й╨╦,ав╩Й,2016-10-10,18.6,6.8,7.3,,,4.5,0.0,0.0,0.0,0.0,0.0,3,3,0.0
гоц╣,ав╩Й╨╦,ав╩Й,2016-10-18,18.3,6.5,9.5,,,7.8,0.0,0.0,0.0,0.0,0.0,3,4,0.0
гоц╣,ав╩Й╨╦,ав╩Й,2016-10-24,18.4,6.4,7.2,,,14.4,0.0,0.0,0.0,0.0,0.0,3,3,0.0
гоц╣,ав╩Й╨╦,ав╩Й,2016-11-01,15.9,7.1,8.6,,,34.7,0.0,0.0,0.0,0.0,0.0,3,5,0.0
гоц╣,ав╩Й╨╦,ав╩Й,2016-11-07,14.6,6.6,10.8,,,40.1,850.0,850.0,0.0,0.0,0.0,5,5,0.0
гоц╣,ав╩Й╨╦,ав╩Й,2016-11-14,13.3,7.3,13.6,,,51.1,0.0,0.0,0.0,0.0,0.0,9,5,0.0
гоц╣,ав╩Й╨╦,ав╩Й,2016-11-21,13.0,7.0,11.0,,,21.4,0.0,0.0,0.0,0.0,0.0,6,4,0.0
гоц╣,ав╩Й╨╦,ав╩Й,2016-11-28,10.6,6.9,9.7,,,11.9,0.0,0.0,0.0,0.0,0.0,6,3,0.0
гоц╣,ав╩Й╨╦,ав╩Й,2016-12-05,8.9,6.7,9.4,,,22.8,0.0,0.0,0.0,0.0,0.0,5,3,0.0
гоц╣,ав╩Й╨╦,ав╩Й,2016-12-12,7.3,6.9,12.5,,,35.5,0.0,0.0,0.0,0.0,0.0,4,0,0.0
гоц╣,ав╩Й╨╦,ав╩Й,2016-12-19,6.5,7.1,11.9,,,41.4,0.0,0.0,0.0,0.0,0.0,5,2,0.0
гоц╣,ав╩Й╨╦,ав╩Й,2016-12-26,7.0,6.9,11.1,,,10.3,0.0,0.0,0.0,0.0,0.0,6,3,0.0
гоц╣,╫бцл╨╦,╠╓╩Й,2017-01-02,6.2,7.4,11.1,,,26.4,0.0,0.0,0.0,0.0,0.0,5,4,0.0
гоц╣,╫бцл╨╦,╠╓╩Й,2017-01-09,8.3,6.6,12.7,,,43.8,0.0,0.0,0.0,0.0,0.0,10,4,0.0
гоц╣,╫бцл╨╦,╠╓╩Й,2017-01-16,5.3,6.8,14.6,,,45.9,0.0,0.0,0.0,0.0,0.0,8,5,0.0
гоц╣,╫бцл╨╦,╠╓╩Й,2017-01-24,5.1,7.7,14.7,,,56.5,0.0,0.0,0.0,0.0,0.0,9,5,0.0
гоц╣,╫бцл╨╦,╠╓╩Й,2017-01-31,5.7,6.5,12.4,,,41.8,0.0,0.0,0.0,0.0,0.0,12,4,0.0
гоц╣,╫бцл╨╦,╠╓╩Й,2017-02-06,6.3,7.7,11.5,,,31.4,0.0,0.0,0.0,0.0,0.0,8,8,0.0
гоц╣,╫бцл╨╦,╠╓╩Й,2017-02-13,6.1,7.6,14.6,,,99.0,0.0,0.0,0.0,0.0,0.0,9,6,0.0
гоц╣,╫бцл╨╦,╠╓╩Й,2017-02-15,6.5,7.8,15.6,,,57.9,0.0,0.0,0.0,0.0,0.0,12,6,0.0
гоц╣,╫бцл╨╦,╠╓╩Й,2017-02-20,8.3,6.3,15.3,,,73.1,0.0,0.0,0.0,0.0,0.0,8,6,0.0
гоц╣,╫бцл╨╦,╠╓╩Й,2017-02-27,7.4,7.1,13.7,,,73.7,0.0,0.0,0.0,0.0,0.0,8,5,0.0
гоц╣,╫бцл╨╦,╠╓╩Й,2017-03-06,9.9,7.7,13.6,,,77.6,0.0,0.0,0.0,0.0,0.0,8,5,0.0
гоц╣,╫бцл╨╦,╠╓╩Й,2017-03-09,9.1,8.1,15.3,,,88.5,0.0,0.0,0.0,0.0,0.0,10,6,0.0
гоц╣,╫бцл╨╦,╠╓╩Й,2017-03-13,10.2,7.8,16.0,,,53.1,0.0,0.0,0.0,0.0,0.0,11,5,0.0
гоц╣,╫бцл╨╦,╠╓╩Й,2017-03-20,11.9,6.8,14.0,,,96.8,0.0,0.0,0.0,0.0,0.0,13,6,0.0
гоц╣,╫бцл╨╦,╠╓╩Й,2017-03-27,12.4,7.7,15.6,,,177.9,0.0,0.0,0.0,0.0,0.0,14,7,0.0
гоц╣,╫бцл╨╦,╠╓╩Й,2017-04-03,13.5,7.5,15.4,,,60.3,0.0,0.0,0.0,0.0,0.0,10,6,0.0
гоц╣,╫бцл╨╦,╠╓╩Й,2017-04-10,17.0,6.5,9.1,,,29.0,0.0,0.0,0.0,0.0,0.0,9,5,0.0
гоц╣,╫бцл╨╦,╠╓╩Й,2017-04-17,18.0,6.4,9.9,,,27.3,0.0,0.0,0.0,0.0,0.0,8,5,0.0
гоц╣,╫бцл╨╦,╠╓╩Й,2017-04-24,17.7,6.8,7.5,,,20.3,0.0,0.0,0.0,0.0,0.0,8,6,0.0
гоц╣,╫бцл╨╦,╠╓╩Й,2017-05-02,19.5,7.6,9.2,,,84.4,550.0,0.0,550.0,0.0,0.0,6,5,0.0
гоц╣,╫бцл╨╦,╠╓╩Й,2017-05-08,20.7,7.1,7.3,,,35.1,775.0,0.0,775.0,0.0,0.0,9,8,0.0
гоц╣,╫бцл╨╦,╠╓╩Й,2017-05-15,20.5,7.1,7.2,,,27.6,0.0,0.0,0.0,0.0,0.0,7,5,0.0
гоц╣,╫бцл╨╦,╠╓╩Й,2017-05-22,22.1,7.5,9.0,,,38.4,0.0,0.0,0.0,0.0,0.0,6,5,0.0
гоц╣,╫бцл╨╦,╠╓╩Й,2017-05-29,22.9,7.1,10.8,,,39.5,0.0,0.0,0.0,0.0,0.0,4,4,0.0
гоц╣,╫бцл╨╦,╠╓╩Й,2017-06-05,23.4,7.1,9.1,,,44.3,525.0,0.0,0.0,0.0,525.0,15,4,0.0
гоц╣,╫бцл╨╦,╠╓╩Й,2017-06-12,23.3,6.9,7.9,,,94.6,375.0,0.0,0.0,0.0,375.0,4,4,0.0
гоц╣,╫бцл╨╦,╠╓╩Й,2017-06-19,24.4,7.5,10.6,,,38.4,4140.0,1860.0,1200.0,0.0,1080.0,8,3,0.0
гоц╣,╫бцл╨╦,╠╓╩Й,2017-06-26,25.4,6.7,4.4,,,43.9,12080.0,10120.0,1100.0,0.0,860.0,11,4,0.0
гоц╣,╫бцл╨╦,╠╓╩Й,2017-06-29,24.6,6.4,2.8,,,2.0,13840.0,12260.0,440.0,1140.0,0.0,7,6,0.0
гоц╣,╫бцл╨╦,╠╓╩Й,2017-07-03,26.2,6.7,3.2,,,27.0,160.0,160.0,0.0,0.0,0.0,7,6,0.0
гоц╣,╫бцл╨╦,╠╓╩Й,2017-07-06,27.6,7.2,3.4,,,18.2,6780.0,6780.0,0.0,0.0,0.0,6,4,0.0
гоц╣,╫бцл╨╦,╠╓╩Й,2017-07-10,27.2,6.7,4.0,,,31.4,0.0,0.0,0.0,0.0,0.0,8,8,0.0
гоц╣,╫бцл╨╦,╠╓╩Й,2017-07-17,26.0,5.7,6.0,,,2.4,0.0,0.0,0.0,0.0,0.0,5,6,0.0
гоц╣,╫бцл╨╦,╠╓╩Й,2017-07-24,29.2,6.4,5.3,,,21.1,600.0,600.0,0.0,0.0,0.0,24,4,0.0
гоц╣,╫бцл╨╦,╠╓╩Й,2017-08-01,27.0,7.3,2.7,,,14.2,5360.0,5360.0,0.0,0.0,0.0,2,2,0.0
гоц╣,╫бцл╨╦,╠╓╩Й,2017-08-07,29.9,7.1,2.2,,,22.4,7060.0,7060.0,0.0,0.0,0.0,8,6,0.0
гоц╣,╫бцл╨╦,╠╓╩Й,2017-08-14,27.9,6.5,2.5,,,11.2,3720.0,3080.0,0.0,640.0,0.0,8,10,0.0
гоц╣,╫бцл╨╦,╠╓╩Й,2017-08-21,26.5,6.4,2.2,,,9.6,0.0,0.0,0.0,0.0,0.0,7,5,0.0
гоц╣,╫бцл╨╦,╠╓╩Й,2017-08-28,25.7,6.4,6.1,,,12.3,0.0,0.0,0.0,0.0,0.0,6,10,0.0
гоц╣,╫бцл╨╦,╠╓╩Й,2017-09-04,25.0,6.8,9.6,,,49.4,0.0,0.0,0.0,0.0,0.0,4,5,0.0
гоц╣,╫бцл╨╦,╠╓╩Й,2017-09-12,22.2,6.7,6.1,,,5.0,0.0,0.0,0.0,0.0,0.0,5,12,0.0
гоц╣,╫бцл╨╦,╠╓╩Й,2017-09-18,23.4,7.0,8.4,,,70.0,8120.0,5540.0,780.0,0.0,1800.0,6,20,0.0
гоц╣,╫бцл╨╦,╠╓╩Й,2017-09-20,23.8,7.2,9.5,,,58.4,7740.0,5220.0,1400.0,0.0,1120.0,6,28,0.0
гоц╣,╫бцл╨╦,╠╓╩Й,2017-09-25,24.0,7.5,9.5,,,31.0,4060.0,3760.0,0.0,0.0,300.0,5,14,0.0
гоц╣,╫бцл╨╦,╠╓╩Й,2017-10-10,21.4,6.8,5.4,,,61.9,0.0,0.0,0.0,0.0,0.0,5,8,0.0
гоц╣,╫бцл╨╦,╠╓╩Й,2017-10-16,19.1,6.9,7.7,,,37.5,4300.0,4300.0,0.0,0.0,0.0,5,5,0.0
гоц╣,╫бцл╨╦,╠╓╩Й,2017-10-23,18.3,7.5,8.8,,,52.5,0.0,0.0,0.0,0.0,0.0,6,7,0.0
гоц╣,╫бцл╨╦,╠╓╩Й,2017-10-30,16.9,7.0,11.8,,,43.6,0.0,0.0,0.0,0.0,0.0,9,8,0.0
гоц╣,╫бцл╨╦,╠╓╩Й,2017-11-06,14.4,6.8,11.8,,,26.9,0.0,0.0,0.0,0.0,0.0,7,8,0.0
гоц╣,╫бцл╨╦,╠╓╩Й,2017-11-13,13.9,8.0,9.9,,,24.2,0.0,0.0,0.0,0.0,0.0,9,7,0.0
гоц╣,╫бцл╨╦,╠╓╩Й,2017-11-20,9.9,8.3,13.3,,,75.7,0.0,0.0,0.0,0.0,0.0,5,5,0.0
гоц╣,╫бцл╨╦,╠╓╩Й,2017-11-27,10.2,7.2,14.1,,,65.4,0.0,0.0,0.0,0.0,0.0,12,6,0.0
гоц╣,╫бцл╨╦,╠╓╩Й,2017-12-04,9.4,7.6,11.6,,,42.9,0.0,0.0,0.0,0.0,0.0,34,17,0.0
гоц╣,╫бцл╨╦,╠╓╩Й,2017-12-11,8.0,8.2,11.8,,,30.1,0.0,0.0,0.0,0.0,0.0,8,5,0.0
гоц╣,╫бцл╨╦,╠╓╩Й,2017-12-18,5.8,8.4,13.1,,,19.1,0.0,0.0,0.0,0.0,0.0,8,5,0.0
гоц╣,╫бцл╨╦,╠╓╩Й,2017-12-26,6.4,7.0,12.4,,,70.8,0.0,0.0,0.0,0.0,0.0,5,5,0.0
гоц╣,ав╩Й╨╦,ав╩Й,2017-01-02,6.4,7.3,10.2,,,11.0,0.0,0.0,0.0,0.0,0.0,5,3,0.0
гоц╣,ав╩Й╨╦,ав╩Й,2017-01-09,6.3,6.6,13.5,,,63.9,0.0,0.0,0.0,0.0,0.0,5,2,0.0
гоц╣,ав╩Й╨╦,ав╩Й,2017-01-16,4.9,6.9,14.3,,,59.0,0.0,0.0,0.0,0.0,0.0,6,3,0.0
гоц╣,ав╩Й╨╦,ав╩Й,2017-01-24,3.9,8.3,15.5,,,94.3,0.0,0.0,0.0,0.0,0.0,7,3,0.0
гоц╣,ав╩Й╨╦,ав╩Й,2017-01-25,3.8,8.1,16.6,,,115.2,0.0,0.0,0.0,0.0,0.0,9,3,0.0
гоц╣,ав╩Й╨╦,ав╩Й,2017-01-31,3.9,7.4,13.8,,,124.7,0.0,0.0,0.0,0.0,0.0,10,а╓╥╝гя╟Х╧л╦╦,0.0
гоц╣,ав╩Й╨╦,ав╩Й,2017-02-02,3.8,7.4,13.6,,,146.1,0.0,0.0,0.0,0.0,0.0,10,а╓╥╝гя╟Х╧л╦╦,0.0
гоц╣,ав╩Й╨╦,ав╩Й,2017-02-06,4.4,8.0,16.6,,,115.1,0.0,0.0,0.0,0.0,0.0,7,3,0.0
гоц╣,ав╩Й╨╦,ав╩Й,2017-02-08,4.5,8.2,14.8,,,76.6,0.0,0.0,0.0,0.0,0.0,7,3,0.0
гоц╣,ав╩Й╨╦,ав╩Й,2017-02-13,4.2,8.0,15.2,,,142.4,0.0,0.0,0.0,0.0,0.0,7,3,0.0
гоц╣,ав╩Й╨╦,ав╩Й,2017-02-15,4.7,8.2,15.5,,,145.2,0.0,0.0,0.0,0.0,0.0,7,3,0.0
гоц╣,ав╩Й╨╦,ав╩Й,2017-02-20,5.9,7.2,15.7,,,61.8,0.0,0.0,0.0,0.0,0.0,7,3,0.0
гоц╣,ав╩Й╨╦,ав╩Й,2017-02-23,6.3,7.2,14.0,,,86.2,0.0,0.0,0.0,0.0,0.0,10,4,0.0
гоц╣,ав╩Й╨╦,ав╩Й,2017-02-27,6.8,7.6,14.1,,,73.6,0.0,0.0,0.0,0.0,0.0,11,4,0.0
гоц╣,ав╩Й╨╦,ав╩Й,2017-03-02,7.5,7.8,15.2,,,51.5,0.0,0.0,0.0,0.0,0.0,11,4,0.0
гоц╣,ав╩Й╨╦,ав╩Й,2017-03-06,7.2,7.9,13.8,,,49.4,0.0,0.0,0.0,0.0,0.0,10,3,0.0
гоц╣,ав╩Й╨╦,ав╩Й,2017-03-13,8.8,8.0,15.7,,,22.9,0.0,0.0,0.0,0.0,0.0,13,3,0.0
гоц╣,ав╩Й╨╦,ав╩Й,2017-03-20,9.6,7.2,11.1,,,8.8,0.0,0.0,0.0,0.0,0.0,14,3,0.0
гоц╣,ав╩Й╨╦,ав╩Й,2017-03-27,11.1,7.6,13.2,,,42.9,0.0,0.0,0.0,0.0,0.0,22,5,0.0
гоц╣,ав╩Й╨╦,ав╩Й,2017-04-03,12.0,7.4,11.8,,,36.3,0.0,0.0,0.0,0.0,0.0,11,3,0.0
гоц╣,ав╩Й╨╦,ав╩Й,2017-04-10,15.5,6.9,10.0,,,40.8,0.0,0.0,0.0,0.0,0.0,15,4,0.0
гоц╣,ав╩Й╨╦,ав╩Й,2017-04-17,17.5,6.9,12.5,,,112.2,0.0,0.0,0.0,0.0,0.0,12,3,0.0
гоц╣,ав╩Й╨╦,ав╩Й,2017-04-24,16.8,7.1,9.1,,,55.0,225.0,0.0,225.0,0.0,0.0,11,4,0.0
гоц╣,ав╩Й╨╦,ав╩Й,2017-05-02,19.9,7.5,9.1,,,17.4,0.0,0.0,0.0,0.0,0.0,5,4,0.0
гоц╣,ав╩Й╨╦,ав╩Й,2017-05-08,19.7,6.7,7.1,,,10.7,0.0,0.0,0.0,0.0,0.0,8,4,0.0
гоц╣,ав╩Й╨╦,ав╩Й,2017-05-15,19.8,7.5,8.6,,,30.2,0.0,0.0,0.0,0.0,0.0,7,3,0.0
гоц╣,ав╩Й╨╦,ав╩Й,2017-05-22,21.4,7.9,10.5,,,14.2,0.0,0.0,0.0,0.0,0.0,5,3,0.0
гоц╣,ав╩Й╨╦,ав╩Й,2017-05-29,21.8,7.6,11.2,,,25.7,0.0,0.0,0.0,0.0,0.0,4,3,0.0
гоц╣,ав╩Й╨╦,ав╩Й,2017-06-05,23.5,7.7,8.7,,,49.7,43150.0,39825.0,0.0,0.0,3325.0,13,2,0.0
гоц╣,ав╩Й╨╦,ав╩Й,2017-06-08,22.0,7.1,7.5,,,14.6,0.0,0.0,0.0,0.0,0.0,6,2,0.0
гоц╣,ав╩Й╨╦,ав╩Й,2017-06-12,23.5,7.4,9.9,,,44.8,700.0,300.0,400.0,0.0,0.0,36,3,0.0
гоц╣,ав╩Й╨╦,ав╩Й,2017-06-19,24.3,7.2,8.4,,,25.5,14020.0,7180.0,5860.0,0.0,980.0,7,3,0.0
гоц╣,ав╩Й╨╦,ав╩Й,2017-06-22,25.2,7.7,9.0,,,28.8,93200.0,91540.0,800.0,0.0,860.0,13,3,2.7
гоц╣,ав╩Й╨╦,ав╩Й,2017-06-26,25.5,7.2,6.2,,,15.8,15920.0,13480.0,600.0,0.0,1840.0,9,3,0.0
гоц╣,ав╩Й╨╦,ав╩Й,2017-06-29,25.3,6.6,5.7,,,8.5,11560.0,11560.0,0.0,0.0,0.0,7,5,0.0
гоц╣,ав╩Й╨╦,ав╩Й,2017-07-03,25.7,6.7,4.5,,,10.8,0.0,0.0,0.0,0.0,0.0,5,7,0.0
гоц╣,ав╩Й╨╦,ав╩Й,2017-07-06,27.4,6.9,6.1,,,14.5,5300.0,5300.0,0.0,0.0,0.0,21,6,0.0
гоц╣,ав╩Й╨╦,ав╩Й,2017-07-10,27.6,6.6,5.4,,,11.6,0.0,0.0,0.0,0.0,0.0,5,11,0.0
гоц╣,ав╩Й╨╦,ав╩Й,2017-07-17,26.7,6.2,5.7,,,8.3,0.0,0.0,0.0,0.0,0.0,6,8,0.0
гоц╣,ав╩Й╨╦,ав╩Й,2017-07-24,28.5,7.1,6.5,,,27.0,6820.0,5320.0,1500.0,0.0,0.0,16,4,0.0
гоц╣,ав╩Й╨╦,ав╩Й,2017-08-01,29.4,7.2,6.5,,,22.3,83100.0,78380.0,620.0,0.0,4100.0,34,3,0.0
гоц╣,ав╩Й╨╦,ав╩Й,2017-08-03,29.4,7.0,9.0,,,116.4,357600.0,357600.0,0.0,0.0,0.0,11,2,0.0
гоц╣,ав╩Й╨╦,ав╩Й,2017-08-07,30.5,8.1,10.9,,,33.5,134100.0,130400.0,0.0,3700.0,0.0,10,5,0.0
гоц╣,ав╩Й╨╦,ав╩Й,2017-08-09,30.7,8.2,11.0,,,33.8,98950.0,98150.0,0.0,800.0,0.0,9,9,0.0
гоц╣,ав╩Й╨╦,ав╩Й,2017-08-14,28.5,6.6,6.0,,,31.0,21500.0,21500.0,0.0,0.0,0.0,17,13,0.0
гоц╣,ав╩Й╨╦,ав╩Й,2017-08-17,26.1,6.6,4.6,,,8.6,200.0,200.0,0.0,0.0,0.0,6,10,0.0
гоц╣,ав╩Й╨╦,ав╩Й,2017-08-21,26.6,6.6,5.8,,,12.3,0.0,0.0,0.0,0.0,0.0,4,7,0.0
гоц╣,ав╩Й╨╦,ав╩Й,2017-08-28,25.5,6.7,6.5,,,7.1,0.0,0.0,0.0,0.0,0.0,6,11,0.0
гоц╣,ав╩Й╨╦,ав╩Й,2017-09-04,25.6,7.9,11.6,,,66.0,18300.0,16660.0,240.0,0.0,1400.0,3,18,0.0
гоц╣,ав╩Й╨╦,ав╩Й,2017-09-07,24.3,6.8,4.8,,,5.8,375.0,375.0,0.0,0.0,0.0,5,10,0.0
гоц╣,ав╩Й╨╦,ав╩Й,2017-09-12,22.5,6.6,6.9,,,10.6,2975.0,2975.0,0.0,0.0,0.0,6,6,0.0
гоц╣,ав╩Й╨╦,ав╩Й,2017-09-18,23.6,7.4,11.5,,,71.0,1125.0,0.0,0.0,0.0,1125.0,6,12,0.0
гоц╣,ав╩Й╨╦,ав╩Й,2017-09-25,23.9,7.8,11.3,,,52.3,15440.0,14340.0,440.0,0.0,660.0,7,25,0.0
гоц╣,ав╩Й╨╦,ав╩Й,2017-09-27,24.2,6.7,8.8,,,15.0,5240.0,5240.0,0.0,0.0,0.0,5,33,0.0
гоц╣,ав╩Й╨╦,ав╩Й,2017-10-10,21.0,7.5,8.2,,,89.8,3900.0,3900.0,0.0,0.0,0.0,7,10,0.0
гоц╣,ав╩Й╨╦,ав╩Й,2017-10-16,19.3,6.8,7.1,,,13.2,0.0,0.0,0.0,0.0,0.0,3,8,0.0
гоц╣,ав╩Й╨╦,ав╩Й,2017-10-23,18.3,7.3,8.5,,,13.3,0.0,0.0,0.0,0.0,0.0,2,8,0.0
гоц╣,ав╩Й╨╦,ав╩Й,2017-10-30,16.9,7.0,10.8,,,23.9,0.0,0.0,0.0,0.0,0.0,3,6,0.0
гоц╣,ав╩Й╨╦,ав╩Й,2017-11-06,14.7,6.8,9.8,,,13.2,0.0,0.0,0.0,0.0,0.0,3,6,0.0
гоц╣,ав╩Й╨╦,ав╩Й,2017-11-13,13.5,7.6,8.4,,,9.0,2780.0,720.0,1940.0,0.0,120.0,5,6,0.0
гоц╣,ав╩Й╨╦,ав╩Й,2017-11-20,10.3,7.9,10.6,,,32.7,0.0,0.0,0.0,0.0,0.0,3,4,0.0
гоц╣,ав╩Й╨╦,ав╩Й,2017-11-27,8.5,7.5,11.0,,,11.1,0.0,0.0,0.0,0.0,0.0,6,6,0.0
гоц╣,ав╩Й╨╦,ав╩Й,2017-12-04,7.2,7.0,10.7,,,14.8,0.0,0.0,0.0,0.0,0.0,22,16,0.0
гоц╣,ав╩Й╨╦,ав╩Й,2017-12-11,5.7,7.7,12.4,,,27.7,0.0,0.0,0.0,0.0,0.0,6,4,0.0
гоц╣,ав╩Й╨╦,ав╩Й,2017-12-18,4.0,8.1,15.0,,,28.3,0.0,0.0,0.0,0.0,0.0,7,5,0.0
гоц╣,ав╩Й╨╦,ав╩Й,2017-12-26,4.8,7.7,14.1,,,39.5,0.0,0.0,0.0,0.0,0.0,6,4,0.0
гоц╣,╫бцл╨╦,╠╓╩Й,2018-01-02,6.9,7.2,13.8,,,24.9,0.0,0.0,0.0,0.0,0.0,7.0,4,0.0
гоц╣,╫бцл╨╦,╠╓╩Й,2018-01-08,6.3,7.0,13.0,,,42.1,0.0,0.0,0.0,0.0,0.0,8.0,5,0.0
гоц╣,╫бцл╨╦,╠╓╩Й,2018-01-15,5.3,7.0,13.3,,,80.8,0.0,0.0,0.0,0.0,0.0,8.0,5,0.0
гоц╣,╫бцл╨╦,╠╓╩Й,2018-01-22,7.0,7.5,13.2,,,67.2,0.0,0.0,0.0,0.0,0.0,5.0,3,0.0
гоц╣,╫бцл╨╦,╠╓╩Й,2018-01-29,3.6,7.5,14.4,,,67.3,0.0,0.0,0.0,0.0,0.0,7.0,3,0.0
гоц╣,╫бцл╨╦,╠╓╩Й,2018-02-05,4.5,7.5,13.3,,,51.1,0.0,0.0,0.0,0.0,0.0,7.0,а╓╥╝гя╟Х╧л╦╦,0.0
гоц╣,╫бцл╨╦,╠╓╩Й,2018-02-13,6.1,7.6,13.6,,,64.5,0.0,0.0,0.0,0.0,0.0,7.0,4,0.0
гоц╣,╫бцл╨╦,╠╓╩Й,2018-02-19,6.9,7.5,13.1,,,100.2,0.0,0.0,0.0,0.0,0.0,8.0,4,0.0
гоц╣,╫бцл╨╦,╠╓╩Й,2018-02-26,8.5,7.5,13.1,,,64.3,0.0,0.0,0.0,0.0,0.0,9.0,4,0.0
гоц╣,╫бцл╨╦,╠╓╩Й,2018-03-05,10.1,7.2,5.6,,,72.6,0.0,0.0,0.0,0.0,0.0,10.0,5,0.0
гоц╣,╫бцл╨╦,╠╓╩Й,2018-03-12,10.6,7.6,11.1,,,67.8,0.0,0.0,0.0,0.0,0.0,13.0,5,0.0
гоц╣,╫бцл╨╦,╠╓╩Й,2018-03-19,12.3,7.2,6.8,,,6.8,0.0,0.0,0.0,0.0,0.0,9.0,8,0.0
гоц╣,╫бцл╨╦,╠╓╩Й,2018-03-26,13.8,7.3,7.7,,,20.4,0.0,0.0,0.0,0.0,0.0,8.0,5,0.0
гоц╣,╫бцл╨╦,╠╓╩Й,2018-04-02,17.6,7.5,6.7,,,54.4,0.0,0.0,0.0,0.0,0.0,7.0,6,0.0
гоц╣,╫бцл╨╦,╠╓╩Й,2018-04-09,13.8,7.3,8.6,,,24.0,0.0,0.0,0.0,0.0,0.0,6.0,8,0.0
гоц╣,╫бцл╨╦,╠╓╩Й,2018-04-16,14.8,7.2,9.0,,,54.2,575.0,0.0,575.0,0.0,0.0,6.0,6,0.0
гоц╣,╫бцл╨╦,╠╓╩Й,2018-04-24,16.3,7.6,7.3,,,12.5,0.0,0.0,0.0,0.0,0.0,7.0,11,0.0
гоц╣,╫бцл╨╦,╠╓╩Й,2018-04-30,20.0,7.4,8.4,,,32.9,0.0,0.0,0.0,0.0,0.0,5.0,8,0.0
гоц╣,╫бцл╨╦,╠╓╩Й,2018-05-08,18.9,7.6,8.1,,,76.3,0.0,0.0,0.0,0.0,0.0,5.0,6,0.0
гоц╣,╫бцл╨╦,╠╓╩Й,2018-05-14,21.3,7.5,7.8,,,50.5,0.0,0.0,0.0,0.0,0.0,4.0,4,0.0
гоц╣,╫бцл╨╦,╠╓╩Й,2018-05-21,21.0,7.5,9.3,,,35.5,0.0,0.0,0.0,0.0,0.0,4.0,5,0.0
гоц╣,╫бцл╨╦,╠╓╩Й,2018-05-28,24.6,7.5,8.1,,,28.6,0.0,0.0,0.0,0.0,0.0,4.0,7,0.0
гоц╣,╫бцл╨╦,╠╓╩Й,2018-06-04,25.1,7.5,7.6,,,43.2,0.0,0.0,0.0,0.0,0.0,3.0,7,0.0
гоц╣,╫бцл╨╦,╠╓╩Й,2018-06-11,24.8,7.4,6.1,,,21.3,0.0,0.0,0.0,0.0,0.0,3.0,5,0.0
гоц╣,╫бцл╨╦,╠╓╩Й,2018-06-18,26.5,7.8,9.4,,,99.6,123.0,0.0,123.0,0.0,0.0,6.0,7,0.0
гоц╣,╫бцл╨╦,╠╓╩Й,2018-06-25,27.4,7.8,7.8,,,35.8,0.0,0.0,0.0,0.0,0.0,3.0,4,0.0
гоц╣,╫бцл╨╦,╠╓╩Й,2018-07-02,23.7,7.5,5.8,,,5.2,175.0,0.0,0.0,175.0,0.0,5.0,6,0.0
гоц╣,╫бцл╨╦,╠╓╩Й,2018-07-09,24.9,7.5,4.6,,,13.3,0.0,0.0,0.0,0.0,0.0,3.0,4,0.0
гоц╣,╫бцл╨╦,╠╓╩Й,2018-07-16,31.2,7.9,9.0,,,27.4,203.0,203.0,0.0,0.0,0.0,3.0,6,0.0
гоц╣,╫бцл╨╦,╠╓╩Й,2018-07-23,31.2,8.4,13.2,,,156.1,467.0,14.0,0.0,453.0,0.0,4.0,8,0.0
гоц╣,╫бцл╨╦,╠╓╩Й,2018-07-26,31.7,8.3,12.8,,,166.8,868.0,267.0,24.0,577.0,0.0,6.0,8,0.0
гоц╣,╫бцл╨╦,╠╓╩Й,2018-07-30,32.4,8.7,13.3,,,150.6,417.0,291.0,27.0,99.0,0.0,3.0,9,0.0
гоц╣,╫бцл╨╦,╠╓╩Й,2018-08-02,32.3,8.0,11.9,,,160.2,420.0,367.0,14.0,39.0,0.0,2.0,7,0.0
гоц╣,╫бцл╨╦,╠╓╩Й,2018-08-06,32.5,8.6,12.5,,,174.7,465.0,320.0,14.0,131.0,0.0,5.0,11,0.0
гоц╣,╫бцл╨╦,╠╓╩Й,2018-08-09,32.1,8.5,13.8,,,168.5,1153.0,198.0,0.0,944.0,11.0,6.0,15,0.0
гоц╣,╫бцл╨╦,╠╓╩Й,2018-08-13,31.5,7.9,9.5,,,54.6,342.0,205.0,0.0,137.0,0.0,5.0,11,0.0
гоц╣,╫бцл╨╦,╠╓╩Й,2018-08-16,30.6,7.7,8.2,,,36.8,376.0,34.0,0.0,342.0,0.0,6.0,20,0.0
гоц╣,╫бцл╨╦,╠╓╩Й,2018-08-20,29.8,8.4,10.2,,,85.3,805.0,236.0,0.0,569.0,0.0,5.0,11,0.0
гоц╣,╫бцл╨╦,╠╓╩Й,2018-08-28,24.3,6.9,6.7,,,5.6,0.0,0.0,0.0,0.0,0.0,6.0,6,0.0
гоц╣,╫бцл╨╦,╠╓╩Й,2018-09-03,25.8,7.1,5.1,,,2.6,0.0,0.0,0.0,0.0,0.0,4.0,6,0.0
гоц╣,╫бцл╨╦,╠╓╩Й,2018-09-10,24.8,7.1,5.2,,,15.7,0.0,0.0,0.0,0.0,0.0,5.0,6,0.0
гоц╣,╫бцл╨╦,╠╓╩Й,2018-09-17,25.1,7.4,7.2,,,54.3,146.0,112.0,34.0,0.0,0.0,7.0,7,╨п╪╝аъ
гоц╣,╫бцл╨╦,╠╓╩Й,2018-09-27,22.3,7.6,10.0,,,41.4,304.0,304.0,0.0,0.0,0.0,9.0,9,0.0
гоц╣,╫бцл╨╦,╠╓╩Й,2018-10-01,21.2,7.2,10.2,,,72.8,286.0,286.0,0.0,0.0,0.0,12.0,9,0.0
гоц╣,╫бцл╨╦,╠╓╩Й,2018-10-08,19.7,7.1,6.3,,,6.2,66.0,0.0,24.0,0.0,42.0,7.0,9,0.0
гоц╣,╫бцл╨╦,╠╓╩Й,2018-10-15,18.1,7.4,8.8,,,27.3,23.0,0.0,0.0,0.0,23.0,8.0,5,0.0
гоц╣,╫бцл╨╦,╠╓╩Й,2018-10-22,17.1,7.5,9.5,,,26.3,0.0,0.0,0.0,0.0,0.0,7.0,5,
гоц╣,╫бцл╨╦,╠╓╩Й,2018-10-29,16.0,7.4,8.5,,,36.2,0.0,0.0,0.0,0.0,0.0,10.0,6,
гоц╣,╫бцл╨╦,╠╓╩Й,2018-11-05,14.6,7.8,9.7,,,31.8,0.0,0.0,0.0,0.0,0.0,10.0,8,
гоц╣,╫бцл╨╦,╠╓╩Й,2018-11-12,15.1,7.5,6.0,,,36.9,0.0,0.0,0.0,0.0,0.0,9.0,13,
гоц╣,╫бцл╨╦,╠╓╩Й,2018-11-19,12.8,7.9,11.6,,,73.2,0.0,0.0,0.0,0.0,0.0,9.0,7,0.0
гоц╣,╫бцл╨╦,╠╓╩Й,2018-11-26,11.1,7.8,11.5,,,85.5,0.0,0.0,0.0,0.0,0.0,10.0,7,0.0
гоц╣,╫бцл╨╦,╠╓╩Й,2018-12-03,12.0,8.0,12.1,,,77.5,0.0,0.0,0.0,0.0,0.0,12.0,7,0.0
гоц╣,╫бцл╨╦,╠╓╩Й,2018-12-10,6.0,7.9,11.2,,,74.0,0.0,0.0,0.0,0.0,0.0,7.0,5,0.0
гоц╣,╫бцл╨╦,╠╓╩Й,2018-12-17,6.7,7.9,12.3,,,45.8,0.0,0.0,0.0,0.0,0.0,7.0,4,0.0
гоц╣,╫бцл╨╦,╠╓╩Й,2018-12-24,8.9,7.8,11.1,,,╨п╪╝аъ,0.0,0.0,0.0,0.0,0.0,9.0,5,0.0
гоц╣,ав╩Й╨╦,ав╩Й,2018-01-02,4.4,7.6,14.9,,,15.8,0.0,0.0,0.0,0.0,0.0,6.0,4,0.0
гоц╣,ав╩Й╨╦,ав╩Й,2018-01-08,4.4,7.8,16.5,,,100.3,0.0,0.0,0.0,0.0,0.0,6.0,5,0.0
гоц╣,ав╩Й╨╦,ав╩Й,2018-01-15,3.4,8.2,15.6,,,87.1,0.0,0.0,0.0,0.0,0.0,6.0,4,0.0
гоц╣,ав╩Й╨╦,ав╩Й,2018-01-18,4.7,8.1,15.8,,,99.2,0.0,0.0,0.0,0.0,0.0,7.0,5,0.0
гоц╣,ав╩Й╨╦,ав╩Й,2018-01-22,5.5,8.3,15.3,,,136.0,0.0,0.0,0.0,0.0,0.0,5.0,3,0.0
гоц╣,ав╩Й╨╦,ав╩Й,2018-01-25,4.2,8.8,17.4,,,108.2,0.0,0.0,0.0,0.0,0.0,8.0,3,0.0
гоц╣,ав╩Й╨╦,ав╩Й,2018-01-29,3.9,8.4,13.4,,,174.2,0.0,0.0,0.0,0.0,0.0,7.0,3,0.0
гоц╣,ав╩Й╨╦,ав╩Й,2018-02-01,3.5,8.1,17.4,,,,,,,,,,,
гоц╣,ав╩Й╨╦,ав╩Й,2018-02-05,2.5,8.9,15.8,,,57.1,0.0,0.0,0.0,0.0,0.0,6.0,2,0.0
гоц╣,ав╩Й╨╦,ав╩Й,2018-02-08,,,,,,,,,,,,,,
гоц╣,ав╩Й╨╦,ав╩Й,2018-02-12,,,,,,,,,,,,,,
гоц╣,ав╩Й╨╦,ав╩Й,2018-02-13,3.8,8.5,14.8,,,49.3,0.0,0.0,0.0,0.0,0.0,7.0,3,0.0
гоц╣,ав╩Й╨╦,ав╩Й,2018-02-19,4.4,8.3,15.2,,,48.6,0.0,0.0,0.0,0.0,0.0,8.0,3,0.0
гоц╣,ав╩Й╨╦,ав╩Й,2018-02-26,6.0,8.2,14.2,,,38.3,0.0,0.0,0.0,0.0,0.0,8.0,3,0.0
гоц╣,ав╩Й╨╦,ав╩Й,2018-03-05,9.3,7.8,11.1,,,29.1,0.0,0.0,0.0,0.0,0.0,9.0,3,0.0
гоц╣,ав╩Й╨╦,ав╩Й,2018-03-12,10.6,7.7,9.5,,,20.3,0.0,0.0,0.0,0.0,0.0,13.0,5,0.0
гоц╣,ав╩Й╨╦,ав╩Й,2018-03-19,12.5,7.5,9.1,,,9.9,0.0,0.0,0.0,0.0,0.0,11.0,6,0.0
гоц╣,ав╩Й╨╦,ав╩Й,2018-03-26,11.4,7.5,10.1,,,39.5,0.0,0.0,0.0,0.0,0.0,8.0,5,0.0
гоц╣,ав╩Й╨╦,ав╩Й,2018-04-02,17.1,8.5,12.7,,,49.2,0.0,0.0,0.0,0.0,0.0,11.0,5,0.0
гоц╣,ав╩Й╨╦,ав╩Й,2018-04-09,12.9,7.8,9.6,,,57.5,0.0,0.0,0.0,0.0,0.0,7.0,5,0.0
гоц╣,ав╩Й╨╦,ав╩Й,2018-04-16,14.9,8.2,11.2,,,65.7,0.0,0.0,0.0,0.0,0.0,5.0,5,0.0
гоц╣,ав╩Й╨╦,ав╩Й,2018-04-23,18.3,8.2,9.7,,,27.6,0.0,0.0,0.0,0.0,0.0,6.0,6,0.0
гоц╣,ав╩Й╨╦,ав╩Й,2018-04-30,19.0,8.3,9.7,,,66.3,0.0,0.0,0.0,0.0,0.0,5.0,7,0.0
гоц╣,ав╩Й╨╦,ав╩Й,2018-05-08,18.5,7.5,8.3,,,34.0,0.0,0.0,0.0,0.0,0.0,4.0,5,0.0
гоц╣,ав╩Й╨╦,ав╩Й,2018-05-14,20.2,7.5,6.9,,,48.8,0.0,0.0,0.0,0.0,0.0,3.0,9,0.0
гоц╣,ав╩Й╨╦,ав╩Й,2018-05-21,21.9,7.4,6.9,,,64.1,0.0,0.0,0.0,0.0,0.0,4.0,7,0.0
гоц╣,ав╩Й╨╦,ав╩Й,2018-05-28,22.4,8.3,8.1,,,91.7,0.0,0.0,0.0,0.0,0.0,9.0,17,0.0
гоц╣,ав╩Й╨╦,ав╩Й,2018-06-04,24.5,7.9,5.9,,,29.7,0.0,0.0,0.0,0.0,0.0,4.0,10,0.0
гоц╣,ав╩Й╨╦,ав╩Й,2018-06-11,25.5,7.6,4.1,,,20.5,0.0,0.0,0.0,0.0,0.0,3.0,7,0.0
гоц╣,ав╩Й╨╦,ав╩Й,2018-06-18,25.3,7.8,4.0,,,30.2,1094.0,832.0,262.0,0.0,0.0,12.0,7,0.0
гоц╣,ав╩Й╨╦,ав╩Й,2018-06-25,26.3,8.1,6.2,,,24.4,8124.0,6740.0,1076.0,0.0,308.0,40.0,3,0.1
гоц╣,ав╩Й╨╦,ав╩Й,2018-07-02,23.6,7.5,6.1,,,4.5,0.0,0.0,0.0,0.0,0.0,5.0,4,0.0
гоц╣,ав╩Й╨╦,ав╩Й,2018-07-09,26.1,7.5,7.8,,,67.1,1942.0,1450.0,453.0,0.0,39.0,12.0,5,0.0
гоц╣,ав╩Й╨╦,ав╩Й,2018-07-16,29.4,8.7,5.8,,,19.4,0.0,0.0,0.0,0.0,0.0,4.0,0,0.0
гоц╣,ав╩Й╨╦,ав╩Й,2018-07-23,31.2,8.7,7.4,,,41.5,71700.0,66220.0,2320.0,640.0,2360.0,15.0,8,0.6
гоц╣,ав╩Й╨╦,ав╩Й,2018-07-26,31.0,8.7,5.8,,,36.4,259700.0,251000.0,2600.0,3900.0,2200.0,33.0,8,2.0
гоц╣,ав╩Й╨╦,ав╩Й,2018-07-30,31.7,9.0,7.9,,,77.0,162004.0,158300.0,378.0,3198.0,128.0,16.0,12,0.8
гоц╣,ав╩Й╨╦,ав╩Й,2018-08-02,32.1,8.9,8.1,,,113.3,167523.0,167400.0,0.0,0.0,123.0,5.0,6,2.8
гоц╣,ав╩Й╨╦,ав╩Й,2018-08-06,31.4,8.7,7.6,,,44.0,71537.0,70800.0,190.0,547.0,0.0,11.0,11,1.4
гоц╣,ав╩Й╨╦,ав╩Й,2018-08-09,31.6,8.3,6.4,,,38.9,38804.0,37900.0,140.0,747.0,17.0,16.0,11,1.7
гоц╣,ав╩Й╨╦,ав╩Й,2018-08-13,30.8,7.4,3.5,,,25.0,24500.0,23900.0,0.0,0.0,600.0,3.0,12,0.2
гоц╣,ав╩Й╨╦,ав╩Й,2018-08-16,31.0,7.8,4.7,,,20.6,38507.0,37300.0,591.0,616.0,0.0,25.0,11,0.3
гоц╣,ав╩Й╨╦,ав╩Й,2018-08-20,29.2,8.0,7.4,,,44.4,59091.0,56400.0,202.0,2489.0,0.0,37.0,13,0.5
гоц╣,ав╩Й╨╦,ав╩Й,2018-08-24,26.4,7.4,5.0,,,34.2,827.0,554.0,24.0,232.0,17.0,4.0,10,0.0
гоц╣,ав╩Й╨╦,ав╩Й,2018-08-28,24.1,6.6,5.8,,,7.7,0.0,0.0,0.0,0.0,0.0,6.0,7,0.0
гоц╣,ав╩Й╨╦,ав╩Й,2018-09-03,24.1,6.9,6.5,,,5.7,151.0,103.0,0.0,16.0,32.0,3.0,6,0.0
гоц╣,ав╩Й╨╦,ав╩Й,2018-09-10,23.4,7.3,7.7,,,52.5,981.0,833.0,136.0,0.0,12.0,4.0,6,0.0
гоц╣,ав╩Й╨╦,ав╩Й,2018-09-17,24.5,7.7,7.3,,,45.1,6498.0,5870.0,58.0,0.0,570.0,3.0,7,╨п╪╝аъ
гоц╣,ав╩Й╨╦,ав╩Й,2018-09-27,22.4,8.0,10.5,,,103.6,8900.0,8180.0,0.0,0.0,720.0,4.0,6,0.1
гоц╣,ав╩Й╨╦,ав╩Й,2018-10-01,22.0,8.7,11.7,,,135.5,1092.0,964.0,31.0,0.0,97.0,4.0,8,0.0
гоц╣,ав╩Й╨╦,ав╩Й,2018-10-08,19.1,7.1,7.3,,,7.1,0.0,0.0,0.0,0.0,0.0,3.0,5,0.0
гоц╣,ав╩Й╨╦,ав╩Й,2018-10-15,17.5,8.3,12.3,,,59.9,0.0,0.0,0.0,0.0,0.0,4.0,4,0.0
гоц╣,ав╩Й╨╦,ав╩Й,2018-10-22,16.8,8.9,14.2,,,37.7,0.0,0.0,0.0,0.0,0.0,3.0,4,
гоц╣,ав╩Й╨╦,ав╩Й,2018-10-29,16.3,7.9,10.5,,,29.3,0.0,0.0,0.0,0.0,0.0,6.0,5,
гоц╣,ав╩Й╨╦,ав╩Й,2018-11-05,13.8,8.3,14.7,,,93.4,0.0,0.0,0.0,0.0,0.0,6.0,7,
гоц╣,ав╩Й╨╦,ав╩Й,2018-11-12,13.8,7.6,9.6,,,51.4,0.0,0.0,0.0,0.0,0.0,4.0,7,
гоц╣,ав╩Й╨╦,ав╩Й,2018-11-19,11.1,8.6,13.9,,,109.6,0.0,0.0,0.0,0.0,0.0,5.0,6,0.0
гоц╣,ав╩Й╨╦,ав╩Й,2018-11-26,10.1,8.0,13.0,,,77.2,0.0,0.0,0.0,0.0,0.0,8.0,6,0.0
гоц╣,ав╩Й╨╦,ав╩Й,2018-12-03,11.5,8.4,13.5,,,72.0,0.0,0.0,0.0,0.0,0.0,10.0,7,0.0
гоц╣,ав╩Й╨╦,ав╩Й,2018-12-10,4.5,8.4,15.2,,,75.9,0.0,0.0,0.0,0.0,0.0,6.0,4,0.0
гоц╣,ав╩Й╨╦,ав╩Й,2018-12-17,4.8,8.4,16.7,,,106.8,0.0,0.0,0.0,0.0,0.0,5.0,3,0.0
гоц╣,ав╩Й╨╦,ав╩Й,2018-12-24,7.2,8.2,14.2,,,╨п╪╝аъ,0.0,0.0,0.0,0.0,0.0,9.0,4,0.0
гоц╣,╫бцл╨╦,╠╓╩Й,2019-01-03,,,,,,,,,,,,,,
гоц╣,╫бцл╨╦,╠╓╩Й,2019-01-07,6.0,8.2,12.5,,,31.4,0.0,0.0,0.0,0.0,0.0,6.0,3,0.0
гоц╣,╫бцл╨╦,╠╓╩Й,2019-01-14,7.6,7.5,12.1,,,44.7,0.0,0.0,0.0,0.0,0.0,8.0,3,0.0
гоц╣,╫бцл╨╦,╠╓╩Й,2019-01-21,6.8,7.6,12.1,,,32.4,0.0,0.0,0.0,0.0,0.0,6.0,2,0.0
гоц╣,╫бцл╨╦,╠╓╩Й,2019-01-28,6.5,7.8,13.3,,,59.6,0.0,0.0,0.0,0.0,0.0,9.0,2,0.0
гоц╣,╫бцл╨╦,╠╓╩Й,2019-02-07,8.1,7.4,8.9,,,99.0,0.0,0.0,0.0,0.0,0.0,10.0,7,0.0
гоц╣,╫бцл╨╦,╠╓╩Й,2019-02-11,5.9,8.1,13.5,,,121.4,34.0,0.0,0.0,34.0,0.0,15.0,5,0.0
гоц╣,╫бцл╨╦,╠╓╩Й,2019-02-14,6.5,8.3,14.3,,,126.1,0.0,0.0,0.0,0.0,0.0,16.0,6,0.0
гоц╣,╫бцл╨╦,╠╓╩Й,2019-02-18,7.0,7.7,15.6,,,92.2,0.0,0.0,0.0,0.0,0.0,12.0,4,0.0
гоц╣,╫бцл╨╦,╠╓╩Й,2019-02-21,7.4,7.4,7.5,,,54.7,0.0,0.0,0.0,0.0,0.0,13.0,7,0.0
гоц╣,╫бцл╨╦,╠╓╩Й,2019-02-25,9.0,8.0,11.6,,,148.2,0.0,0.0,0.0,0.0,0.0,17.0,6,0.0
гоц╣,╫бцл╨╦,╠╓╩Й,2019-02-27,10.1,7.9,13.4,,,71.7,0.0,0.0,0.0,0.0,0.0,21.0,9,0.0
гоц╣,╫бцл╨╦,╠╓╩Й,2019-03-04,12.0,7.6,12.8,,,68.1,0.0,0.0,0.0,0.0,0.0,20.0,6,0.0
гоц╣,╫бцл╨╦,╠╓╩Й,2019-03-07,12.3,7.8,12.6,,,79.6,0.0,0.0,0.0,0.0,0.0,24.0,5,0.0
гоц╣,╫бцл╨╦,╠╓╩Й,2019-03-11,12.1,7.5,8.7,,,76.8,0.0,0.0,0.0,0.0,0.0,31.0,5,0.0
гоц╣,╫бцл╨╦,╠╓╩Й,2019-03-18,12.1,7.8,12.1,,,80.5,0.0,0.0,0.0,0.0,0.0,22.0,8,0.0
гоц╣,╫бцл╨╦,╠╓╩Й,2019-03-25,11.8,8.1,8.0,,,41.4,0.0,0.0,0.0,0.0,0.0,16.0,6,0.0
гоц╣,╫бцл╨╦,╠╓╩Й,2019-04-01,12.2,8.1,8.6,,,24.1,0.0,0.0,0.0,0.0,0.0,16.0,8,0.0
гоц╣,╫бцл╨╦,╠╓╩Й,2019-04-08,14.8,8.2,7.9,,,26.0,0.0,0.0,0.0,0.0,0.0,14.0,13,0.0
гоц╣,╫бцл╨╦,╠╓╩Й,2019-04-15,13.7,9.0,11.8,,,84.0,0.0,0.0,0.0,0.0,0.0,8.0,7,0.0
гоц╣,╫бцл╨╦,╠╓╩Й,2019-04-22,20.2,8.4,10.1,,,70.5,0.0,0.0,0.0,0.0,0.0,10.0,13,0.0
гоц╣,╫бцл╨╦,╠╓╩Й,2019-04-30,15.6,7.8,6.8,,,16.2,0.0,0.0,0.0,0.0,0.0,7.0,6,0.0
гоц╣,╫бцл╨╦,╠╓╩Й,2019-05-07,19.4,8.6,10.1,,,41.1,0.0,0.0,0.0,0.0,0.0,9.0,13,0.0
гоц╣,╫бцл╨╦,╠╓╩Й,2019-05-13,21.6,7.5,12.4,,,79.0,0.0,0.0,0.0,0.0,0.0,12.0,9,0.0
гоц╣,╫бцл╨╦,╠╓╩Й,2019-05-20,20.9,7.3,5.6,,,42.5,0.0,0.0,0.0,0.0,0.0,8.0,11,0.0
гоц╣,╫бцл╨╦,╠╓╩Й,2019-05-28,20.4,7.0,4.3,,,35.9,0.0,0.0,0.0,0.0,0.0,6.0,10,0.0
гоц╣,╫бцл╨╦,╠╓╩Й,2019-06-03,22.9,7.6,8.4,,,68.7,0.0,0.0,0.0,0.0,0.0,5.0,6,0.0
гоц╣,╫бцл╨╦,╠╓╩Й,2019-06-10,24.1,7.7,4.7,,,34.6,0.0,0.0,0.0,0.0,0.0,5.0,6,0.0
гоц╣,╫бцл╨╦,╠╓╩Й,2019-06-17,24.4,8.2,8.2,,,77.6,0.0,0.0,0.0,0.0,0.0,4.0,4,0.0
гоц╣,╫бцл╨╦,╠╓╩Й,2019-06-24,26.0,7.9,4.8,,,74.7,48.0,48.0,0.0,0.0,0.0,6.0,7,0.0
гоц╣,╫бцл╨╦,╠╓╩Й,2019-07-02,24.3,7.2,3.8,,,8.3,0.0,0.0,0.0,0.0,0.0,8.0,9,0.0
гоц╣,╫бцл╨╦,╠╓╩Й,2019-07-08,27.1,7.3,6.7,,,67.1,164.0,164.0,0.0,0.0,0.0,6.0,6,0.0
гоц╣,╫бцл╨╦,╠╓╩Й,2019-07-15,26.4,8.7,7.4,,,63.7,46.0,46.0,0.0,0.0,0.0,4.0,6,0.0
гоц╣,╫бцл╨╦,╠╓╩Й,2019-07-23,26.6,8.1,4.7,,,5.9,0.0,0.0,0.0,0.0,0.0,7.0,8,0.0
гоц╣,╫бцл╨╦,╠╓╩Й,2019-07-29,26.1,7.4,5.7,,,4.3,24.0,0.0,0.0,0.0,24.0,5.0,6,0.0
гоц╣,╫бцл╨╦,╠╓╩Й,2019-08-05,30.2,7.7,8.6,,,65.4,0.0,0.0,0.0,0.0,0.0,6.0,9,0.0
гоц╣,╫бцл╨╦,╠╓╩Й,2019-08-12,27.3,7.2,4.6,,,22.1,0.0,0.0,0.0,0.0,0.0,7.0,10,0.0
гоц╣,╫бцл╨╦,╠╓╩Й,2019-08-19,28.7,8.1,10.5,,,106.9,0.0,0.0,0.0,0.0,0.0,10.0,9,╨п╪╝аъ
гоц╣,╫бцл╨╦,╠╓╩Й,2019-08-26,26.0,7.3,6.8,,,15.3,1994.0,1994.0,0.0,0.0,0.0,4.0,6,0.0
гоц╣,╫бцл╨╦,╠╓╩Й,2019-09-03,24.3,7.3,7.7,,,40.7,34.0,34.0,0.0,0.0,0.0,10.0,8,0.0
гоц╣,╫бцл╨╦,╠╓╩Й,2019-09-10,25.8,7.2,5.4,,,5.4,54.0,54.0,0.0,0.0,0.0,9.0,8,0.0
гоц╣,╫бцл╨╦,╠╓╩Й,2019-09-16,27.3,8.0,10.1,,,43.8,761.0,733.0,28.0,0.0,0.0,7.0,7,0.3
гоц╣,╫бцл╨╦,╠╓╩Й,2019-09-24,20.0,7.3,7.0,,,4.2,74.0,74.0,0.0,0.0,0.0,7.0,7,0.0
гоц╣,╫бцл╨╦,╠╓╩Й,2019-09-30,25.0,7.4,8.7,,,47.8,4025.0,3814.0,211.0,0.0,0.0,6.0,35,0.3
гоц╣,╫бцл╨╦,╠╓╩Й,2019-10-07,21.3,7.5,7.3,,,3.2,147.0,147.0,0.0,0.0,0.0,10.0,7,0.0
гоц╣,╫бцл╨╦,╠╓╩Й,2019-10-14,20.3,7.6,8.8,,,29.4,2603.0,2603.0,0.0,0.0,0.0,7.0,6,0.0
гоц╣,╫бцл╨╦,╠╓╩Й,2019-10-21,19.7,7.9,12.1,,,65.9,28.0,28.0,0.0,0.0,0.0,11.0,10,0.0
гоц╣,╫бцл╨╦,╠╓╩Й,2019-10-28,17.1,8.2,12.7,,,88.7,0.0,0.0,0.0,0.0,0.0,15.0,10,0.0
гоц╣,╫бцл╨╦,╠╓╩Й,2019-11-04,17.5,7.9,11.9,,,86.0,0.0,0.0,0.0,0.0,0.0,13.0,8,0.0
гоц╣,╫бцл╨╦,╠╓╩Й,2019-11-11,14.8,7.6,9.6,,,26.9,0.0,0.0,0.0,0.0,0.0,11.0,5,0.0
гоц╣,╫бцл╨╦,╠╓╩Й,2019-11-18,14.1,7.5,8.0,,,32.8,0.0,0.0,0.0,0.0,0.0,14.0,7,0.0
гоц╣,╫бцл╨╦,╠╓╩Й,2019-11-25,13.2,7.7,11.5,,,62.2,0.0,0.0,0.0,0.0,0.0,13.0,7,0.0
гоц╣,╫бцл╨╦,╠╓╩Й,2019-12-09,8.0,7.7,15.5,,,99.5,0.0,0.0,0.0,0.0,0.0,18.0,4,0.0
гоц╣,╫бцл╨╦,╠╓╩Й,2019-12-11,9.1,7.7,14.8,,,101.7,0.0,0.0,0.0,0.0,0.0,11.0,5,0.0
гоц╣,╫бцл╨╦,╠╓╩Й,2019-12-16,9.1,7.7,14.6,,,74.6,0.0,0.0,0.0,0.0,0.0,11.0,5,0.0
гоц╣,╫бцл╨╦,╠╓╩Й,2019-12-19,9.7,7.6,12.0,,,68.8,0.0,0.0,0.0,0.0,0.0,12.0,4,0.0
гоц╣,╫бцл╨╦,╠╓╩Й,2019-12-23,7.4,7.7,12.9,,,58.8,0.0,0.0,0.0,0.0,0.0,11.0,2,0.0
гоц╣,ав╩Й╨╦,ав╩Й,2019-01-03,,,,,,,,,,,,,,
гоц╣,ав╩Й╨╦,ав╩Й,2019-01-07,3.9,8.3,15.4,,,55.5,0.0,0.0,0.0,0.0,0.0,6.0,3,0.0
гоц╣,ав╩Й╨╦,ав╩Й,2019-01-14,5.5,8.4,15.4,,,75.1,0.0,0.0,0.0,0.0,0.0,6.0,а╓╥╝гя╟Х╧л╦╦,0.0
гоц╣,ав╩Й╨╦,ав╩Й,2019-01-21,4.9,8.8,16.5,,,128.7,0.0,0.0,0.0,0.0,0.0,5.0,3,0.0
гоц╣,ав╩Й╨╦,ав╩Й,2019-01-28,5.0,8.6,16.7,,,115.1,0.0,0.0,0.0,0.0,0.0,6.0,а╓╥╝гя╟Х╧л╦╦,0.0
гоц╣,ав╩Й╨╦,ав╩Й,2019-01-31,5.3,8.8,16.4,,,126.9,344.0,0.0,0.0,344.0,0.0,5.0,0,0.0
гоц╣,ав╩Й╨╦,ав╩Й,2019-02-07,7.4,8.4,14.4,,,126.0,121.0,0.0,0.0,121.0,0.0,11.0,4,0.0
гоц╣,ав╩Й╨╦,ав╩Й,2019-02-11,4.2,8.9,16.7,,,205.0,402.0,0.0,0.0,402.0,0.0,12.0,4,0.0
гоц╣,ав╩Й╨╦,ав╩Й,2019-02-14,4.9,9.0,15.1,,,144.7,0.0,0.0,0.0,0.0,0.0,16.0,3,0.0
гоц╣,ав╩Й╨╦,ав╩Й,2019-02-18,5.1,8.8,16.9,,,75.2,0.0,0.0,0.0,0.0,0.0,12.0,3,0.0
гоц╣,ав╩Й╨╦,ав╩Й,2019-02-21,6.3,8.3,14.6,,,106.0,0.0,0.0,0.0,0.0,0.0,15.0,4,0.0
гоц╣,ав╩Й╨╦,ав╩Й,2019-02-25,8.5,8.9,16.5,,,130.4,0.0,0.0,0.0,0.0,0.0,15.0,3,0.0
гоц╣,ав╩Й╨╦,ав╩Й,2019-02-27,9.1,9.1,16.2,,,72.0,0.0,0.0,0.0,0.0,0.0,18.0,4,0.0
гоц╣,ав╩Й╨╦,ав╩Й,2019-03-04,10.8,8.9,15.5,,,112.6,0.0,0.0,0.0,0.0,0.0,16.0,3,0.0
гоц╣,ав╩Й╨╦,ав╩Й,2019-03-07,11.2,8.2,13.6,,,110.7,0.0,0.0,0.0,0.0,0.0,17.0,3,0.0
гоц╣,ав╩Й╨╦,ав╩Й,2019-03-11,11.2,8.5,12.0,,,105.1,0.0,0.0,0.0,0.0,0.0,22.0,3,0.0
гоц╣,ав╩Й╨╦,ав╩Й,2019-03-14,9.4,7.8,9.0,,,58.3,0.0,0.0,0.0,0.0,0.0,23.0,3,0.0
гоц╣,ав╩Й╨╦,ав╩Й,2019-03-18,11.2,8.9,14.2,,,92.0,0.0,0.0,0.0,0.0,0.0,26.0,4,0.0
гоц╣,ав╩Й╨╦,ав╩Й,2019-03-25,10.8,8.4,11.3,,,52.0,0.0,0.0,0.0,0.0,0.0,21.0,3,0.0
гоц╣,ав╩Й╨╦,ав╩Й,2019-04-01,11.9,8.3,9.8,,,31.5,0.0,0.0,0.0,0.0,0.0,22.0,4,0.0
гоц╣,ав╩Й╨╦,ав╩Й,2019-04-08,13.7,9.0,10.8,,,79.9,0.0,0.0,0.0,0.0,0.0,24.0,3,0.0
гоц╣,ав╩Й╨╦,ав╩Й,2019-04-15,13.0,8.6,7.4,,,31.0,0.0,0.0,0.0,0.0,0.0,9.0,4,0.0
гоц╣,ав╩Й╨╦,ав╩Й,2019-04-22,15.9,9.0,8.9,,,38.0,0.0,0.0,0.0,0.0,0.0,11.0,9,0.0
гоц╣,ав╩Й╨╦,ав╩Й,2019-04-30,16.9,7.1,7.0,,,51.5,24.0,0.0,24.0,0.0,0.0,7.0,10,0.0
гоц╣,ав╩Й╨╦,ав╩Й,2019-05-07,18.0,7.5,8.9,,,62.6,0.0,0.0,0.0,0.0,0.0,8.0,6,0.0
гоц╣,ав╩Й╨╦,ав╩Й,2019-05-13,19.6,8.0,8.6,,,38.4,0.0,0.0,0.0,0.0,0.0,8.0,7,0.0
гоц╣,ав╩Й╨╦,ав╩Й,2019-05-20,21.7,6.9,5.2,,,20.4,0.0,0.0,0.0,0.0,0.0,6.0,7,0.0
гоц╣,ав╩Й╨╦,ав╩Й,2019-05-28,22.2,7.0,5.2,,,22.7,0.0,0.0,0.0,0.0,0.0,6.0,6,0.0
гоц╣,ав╩Й╨╦,ав╩Й,2019-06-03,22.0,7.7,8.4,,,102.4,0.0,0.0,0.0,0.0,0.0,6.0,4,0.0
гоц╣,ав╩Й╨╦,ав╩Й,2019-06-10,23.6,7.4,8.9,,,41.8,0.0,0.0,0.0,0.0,0.0,5.0,5,0.0
гоц╣,ав╩Й╨╦,ав╩Й,2019-06-17,23.7,8.0,7.5,,,39.7,0.0,0.0,0.0,0.0,0.0,3.0,3,0.0
гоц╣,ав╩Й╨╦,ав╩Й,2019-06-24,25.9,8.7,7.3,,,52.0,61.0,37.0,0.0,0.0,24.0,7.0,5,0.0
гоц╣,ав╩Й╨╦,ав╩Й,2019-07-02,23.0,7.0,5.7,,,16.3,0.0,0.0,0.0,0.0,0.0,12.0,9,0.0
гоц╣,ав╩Й╨╦,ав╩Й,2019-07-08,26.4,7.5,6.8,,,22.0,81.0,27.0,54.0,0.0,0.0,11.0,5,0.0
гоц╣,ав╩Й╨╦,ав╩Й,2019-07-15,25.0,8.9,6.5,,,73.0,33.0,33.0,0.0,0.0,0.0,6.0,8,0.0
гоц╣,ав╩Й╨╦,ав╩Й,2019-07-23,24.2,8.2,6.1,,,8.9,0.0,0.0,0.0,0.0,0.0,5.0,8,0.0
гоц╣,ав╩Й╨╦,ав╩Й,2019-07-29,26.0,7.3,5.8,,,7.3,0.0,0.0,0.0,0.0,0.0,6.0,7,0.0
гоц╣,ав╩Й╨╦,ав╩Й,2019-08-05,31.1,8.9,11.2,,,54.9,60.0,48.0,0.0,0.0,12.0,6.0,5,0.0
гоц╣,ав╩Й╨╦,ав╩Й,2019-08-12,28.6,7.4,5.4,,,23.4,0.0,0.0,0.0,0.0,0.0,6.0,11,0.0
гоц╣,ав╩Й╨╦,ав╩Й,2019-08-19,29.0,8.1,8.3,,,89.4,189.0,155.0,0.0,34.0,0.0,14.0,8,╨п╪╝аъ
гоц╣,ав╩Й╨╦,ав╩Й,2019-08-26,26.3,7.3,6.5,,,47.0,1345.0,1202.0,0.0,31.0,112.0,4.0,9,0.0
гоц╣,ав╩Й╨╦,ав╩Й,2019-09-03,25.1,7.2,6.8,,,33.9,33.0,33.0,0.0,0.0,0.0,19.0,6,0.0
гоц╣,ав╩Й╨╦,ав╩Й,2019-09-10,25.1,7.2,6.2,,,12.8,109.0,33.0,0.0,68.0,8.0,5.0,9,0.0
гоц╣,ав╩Й╨╦,ав╩Й,2019-09-16,26.7,8.6,10.2,,,34.1,638.0,622.0,16.0,0.0,0.0,38.0,10,0.3
гоц╣,ав╩Й╨╦,ав╩Й,2019-09-24,20.2,7.2,7.8,,,6.8,168.0,168.0,0.0,0.0,0.0,5.0,5,0.0
гоц╣,ав╩Й╨╦,ав╩Й,2019-09-30,23.2,8.4,10.6,,,63.5,2280.0,2280.0,0.0,0.0,0.0,6.0,18,0.9
гоц╣,ав╩Й╨╦,ав╩Й,2019-10-07,21.3,7.3,7.5,,,6.9,84.0,84.0,0.0,0.0,0.0,10.0,7,0.0
гоц╣,ав╩Й╨╦,ав╩Й,2019-10-14,20.4,8.9,14.2,,,65.3,584.0,412.0,8.0,164.0,0.0,7.0,7,0.0
гоц╣,ав╩Й╨╦,ав╩Й,2019-10-21,19.1,8.9,13.3,,,30.7,116.0,68.0,0.0,0.0,48.0,9.0,10,0.0
гоц╣,ав╩Й╨╦,ав╩Й,2019-10-28,17.7,7.9,9.1,,,33.5,0.0,0.0,0.0,0.0,0.0,12.0,10,0.0
гоц╣,ав╩Й╨╦,ав╩Й,2019-11-04,17.1,8.7,11.7,,,65.8,0.0,0.0,0.0,0.0,0.0,16.0,6,0.0
гоц╣,ав╩Й╨╦,ав╩Й,2019-11-11,15.2,8.1,13.0,,,84.6,0.0,0.0,0.0,0.0,0.0,8.0,5,0.0
гоц╣,ав╩Й╨╦,ав╩Й,2019-11-18,14.0,8.3,11.0,,,50.5,0.0,0.0,0.0,0.0,0.0,10.0,5,0.0
гоц╣,ав╩Й╨╦,ав╩Й,2019-11-25,12.0,7.8,10.5,,,32.3,0.0,0.0,0.0,0.0,0.0,7.0,5,0.0
гоц╣,ав╩Й╨╦,ав╩Й,2019-12-09,7.8,7.7,9.7,,,12.5,0.0,0.0,0.0,0.0,0.0,9.0,3,0.0
гоц╣,ав╩Й╨╦,ав╩Й,2019-12-16,7.4,7.5,10.9,,,20.9,0.0,0.0,0.0,0.0,0.0,7.0,3,0.0
гоц╣,ав╩Й╨╦,ав╩Й,2019-12-23,6.7,7.6,10.2,,,13.2,0.0,0.0,0.0,0.0,0.0,7.0,0,0.0
гоц╣,╫бцл╨╦,╠╓╩Й,2020-01-06,7.5,7.5,13.5,,,69.7,0.0,0.0,0.0,0.0,0.0,19.0,10,0.0
гоц╣,╫бцл╨╦,╠╓╩Й,2020-01-13,7.0,7.3,11.0,,,16.9,0.0,0.0,0.0,0.0,0.0,13.0,12,0.0
гоц╣,╫бцл╨╦,╠╓╩Й,2020-01-20,6.8,7.2,10.3,,,20.9,0.0,0.0,0.0,0.0,0.0,14.0,6,0.0
гоц╣,╫бцл╨╦,╠╓╩Й,2020-01-28,9.2,7.2,9.8,,,21.4,0.0,0.0,0.0,0.0,0.0,13.0,11,0.0
гоц╣,╫бцл╨╦,╠╓╩Й,2020-02-03,8.6,7.2,12.9,,,28.3,0.0,0.0,0.0,0.0,0.0,16.0,9,0.0
гоц╣,╫бцл╨╦,╠╓╩Й,2020-02-10,6.9,7.3,12.1,,,24.0,0.0,0.0,0.0,0.0,0.0,13.0,3,0.0
гоц╣,╫бцл╨╦,╠╓╩Й,2020-02-18,7.7,7.4,10.2,,,45.3,0.0,0.0,0.0,0.0,0.0,13.0,32,0.0
гоц╣,╫бцл╨╦,╠╓╩Й,2020-02-24,10.2,7.5,9.2,,,57.4,0.0,0.0,0.0,0.0,0.0,12.0,14,0.0
гоц╣,╫бцл╨╦,╠╓╩Й,2020-03-02,10.2,7.6,11.2,,,27.9,0.0,0.0,0.0,0.0,0.0,11.0,7,0.0
гоц╣,╫бцл╨╦,╠╓╩Й,2020-03-09,11.3,7.1,10.5,,,31.5,0.0,0.0,0.0,0.0,0.0,14.0,11,0.0
гоц╣,╫бцл╨╦,╠╓╩Й,2020-03-16,11.1,7.6,13.6,,,88.4,0.0,0.0,0.0,0.0,0.0,10.0,5,0.0
гоц╣,╫бцл╨╦,╠╓╩Й,2020-03-23,14.7,8.2,14.6,,,107.3,0.0,0.0,0.0,0.0,0.0,7.0,4,а╓╥╝гя╟Х╧л╦╦
гоц╣,╫бцл╨╦,╠╓╩Й,2020-03-30,13.2,7.3,10.1,,,121.6,0.0,0.0,0.0,0.0,0.0,9.0,16,а╓╥╝гя╟Х╧л╦╦
гоц╣,╫бцл╨╦,╠╓╩Й,2020-04-06,14.4,8.8,16.3,,,120.9,0.0,0.0,0.0,0.0,0.0,12.0,14,а╓╥╝гя╟Х╧л╦╦
гоц╣,╫бцл╨╦,╠╓╩Й,2020-04-13,14.6,7.3,10.7,,,61.4,0.0,0.0,0.0,0.0,0.0,16.0,24,а╓╥╝гя╟Х╧л╦╦
гоц╣,╫бцл╨╦,╠╓╩Й,2020-04-20,15.0,6.8,3.4,,,19.6,0.0,0.0,0.0,0.0,0.0,16.0,32,а╓╥╝гя╟Х╧л╦╦
гоц╣,╫бцл╨╦,╠╓╩Й,2020-04-27,16.5,7.9,13.7,,,60.9,0.0,0.0,0.0,0.0,0.0,17.0,18,а╓╥╝гя╟Х╧л╦╦
гоц╣,╫бцл╨╦,╠╓╩Й,2020-05-04,19.9,6.8,1.7,0.5,12.6,15.3,0.0,0.0,0.0,0.0,0.0,28.0,29,а╓╥╝гя╟Х╧л╦╦
гоц╣,╫бцл╨╦,╠╓╩Й,2020-05-11,19.7,7.2,5.4,0.7,7.2,37.2,0.0,0.0,0.0,0.0,0.0,25.0,28,а╓╥╝гя╟Х╧л╦╦
гоц╣,╫бцл╨╦,╠╓╩Й,2020-05-18,21.5,6.8,8.0,0.8,6.0,75.3,0.0,0.0,0.0,0.0,0.0,26.0,11,а╓╥╝гя╟Х╧л╦╦
гоц╣,╫бцл╨╦,╠╓╩Й,2020-05-25,21.7,7.0,7.5,0.6,10.0,61.8,0.0,0.0,0.0,0.0,0.0,10.0,10,а╓╥╝гя╟Х╧л╦╦
гоц╣,╫бцл╨╦,╠╓╩Й,2020-06-01,23.0,7.1,7.3,0.7,7.3,47.1,0.0,0.0,0.0,0.0,0.0,9.0,10,а╓╥╝гя╟Х╧л╦╦
гоц╣,╫бцл╨╦,╠╓╩Й,2020-06-08,26.8,7.6,9.6,0.5,7.8,112.1,29.0,0.0,0.0,0.0,29.0,10.0,11,а╓╥╝гя╟Х╧л╦╦
гоц╣,╫бцл╨╦,╠╓╩Й,2020-06-15,25.4,7.2,5.8,0.4,16.2,8.9,0.0,0.0,0.0,0.0,0.0,12.0,12,а╓╥╝гя╟Х╧л╦╦
гоц╣,╫бцл╨╦,╠╓╩Й,2020-06-22,27.9,7.3,12.1,0.7,5.3,59.4,54.0,54.0,0.0,0.0,0.0,9.0,8,а╓╥╝гя╟Х╧л╦╦
гоц╣,╫бцл╨╦,╠╓╩Й,2020-07-01,23.3,7.6,5.8,0.7,7.5,22.6,0.0,0.0,0.0,0.0,0.0,9.0,8,а╓╥╝гя╟Х╧л╦╦
гоц╣,╫бцл╨╦,╠╓╩Й,2020-07-06,23.9,7.0,7.4,0.8,5.0,25.1,0.0,0.0,0.0,0.0,0.0,8.0,5,а╓╥╝гя╟Х╧л╦╦
гоц╣,╫бцл╨╦,╠╓╩Й,2020-07-15,20.6,7.9,7.5,0.4,22.5,5.4,0.0,0.0,0.0,0.0,0.0,10.0,7,а╓╥╝гя╟Х╧л╦╦
гоц╣,╫бцл╨╦,╠╓╩Й,2020-07-21,26.2,6.9,7.7,0.6,6.7,20.2,0.0,0.0,0.0,0.0,0.0,19.0,7,а╓╥╝гя╟Х╧л╦╦
гоц╣,╫бцл╨╦,╠╓╩Й,2020-07-27,23.2,7.1,7.2,0.8,8.5,5.3,0.0,0.0,0.0,0.0,0.0,7.0,6,а╓╥╝гя╟Х╧л╦╦
гоц╣,╫бцл╨╦,╠╓╩Й,2020-08-03,25.5,7.8,6.3,0.8,9.0,5.6,74.0,74.0,0.0,0.0,0.0,20.0,9,а╓╥╝гя╟Х╧л╦╦
гоц╣,╫бцл╨╦,╠╓╩Й,2020-08-10,,,,,,,,,,,,,,
гоц╣,╫бцл╨╦,╠╓╩Й,2020-08-19,30.0,7.8,8.8,0.7,5.3,63.1,0.0,0.0,0.0,0.0,0.0,9.0,11,а╓╥╝гя╟Х╧л╦╦
гоц╣,╫бцл╨╦,╠╓╩Й,2020-08-24,29.8,7.1,8.4,0.7,6.7,45.9,98.0,77.0,0.0,0.0,21.0,9.0,7,а╓╥╝гя╟Х╧л╦╦
гоц╣,╫бцл╨╦,╠╓╩Й,2020-09-01,28.3,6.7,5.9,0.2,47.1,25.6,0.0,0.0,0.0,0.0,0.0,9.0,7,╨п╪╝аъ
гоц╣,╫бцл╨╦,╠╓╩Й,2020-09-08,21.6,7.1,7.5,0.4,21.5,4.6,19.0,19.0,0.0,0.0,0.0,8.0,6,а╓╥╝гя╟Х╧л╦╦
гоц╣,╫бцл╨╦,╠╓╩Й,2020-09-14,23.4,7.2,7.2,0.8,8.4,5.3,45.0,45.0,0.0,0.0,0.0,10.0,10,а╓╥╝гя╟Х╧л╦╦
гоц╣,╫бцл╨╦,╠╓╩Й,2020-09-21,23.5,8.2,12.2,0.7,4.6,67.3,332.0,310.0,22.0,0.0,0.0,16.0,8,а╓╥╝гя╟Х╧л╦╦
гоц╣,╫бцл╨╦,╠╓╩Й,2020-09-28,24.3,9.3,16.3,0.6,5.2,148.1,165.0,97.0,68.0,0.0,0.0,15.0,8,а╓╥╝гя╟Х╧л╦╦
гоц╣,╫бцл╨╦,╠╓╩Й,2020-10-05,22.2,8.2,10.6,0.6,7.7,192.7,28.0,28.0,0.0,0.0,0.0,15.0,10,а╓╥╝гя╟Х╧л╦╦
гоц╣,╫бцл╨╦,╠╓╩Й,2020-10-12,21.4,9.0,14.5,0.5,7.2,214.7,118.0,118.0,0.0,0.0,0.0,10.0,10,а╓╥╝гя╟Х╧л╦╦
гоц╣,╫бцл╨╦,╠╓╩Й,2020-10-19,17.7,8.2,13.1,0.3,8.1,147.6,128.0,128.0,0.0,0.0,0.0,5.0,7,
гоц╣,╫бцл╨╦,╠╓╩Й,2020-10-26,16.4,7.8,13.1,0.8,6.3,118.0,234.0,234.0,0.0,0.0,0.0,15.0,13,
гоц╣,╫бцл╨╦,╠╓╩Й,2020-11-02,16.3,7.3,10.1,0.4,5.0,75.9,72.0,51.0,0.0,21.0,0.0,8.0,8,
гоц╣,╫бцл╨╦,╠╓╩Й,2020-11-09,14.0,7.2,9.5,0.6,6.0,57.2,0.0,0.0,0.0,0.0,0.0,11.0,а╓╥╝гя╟Х╧л╦╦,
гоц╣,╫бцл╨╦,╠╓╩Й,2020-11-16,13.9,7.6,12.9,0.5,3.7,47.6,0.0,0.0,0.0,0.0,0.0,9.0,10,
гоц╣,╫бцл╨╦,╠╓╩Й,2020-11-24,13.6,7.1,5.0,1.3,2.0,11.4,0.0,0.0,0.0,0.0,0.0,10.0,12,
гоц╣,╫бцл╨╦,╠╓╩Й,2020-12-01,10.3,7.5,12.3,0.9,4.5,46.0,0.0,0.0,0.0,0.0,0.0,8.0,13,а╓╥╝гя╟Х╧л╦╦
гоц╣,╫бцл╨╦,╠╓╩Й,2020-12-07,8.7,7.3,11.9,0.7,3.6,53.1,0.0,0.0,0.0,0.0,0.0,10.0,10,а╓╥╝гя╟Х╧л╦╦
гоц╣,╫бцл╨╦,╠╓╩Й,2020-12-15,7.6,7.2,12.4,0.6,4.8,61.4,0.0,0.0,0.0,0.0,0.0,11.0,10,а╓╥╝гя╟Х╧л╦╦
гоц╣,╫бцл╨╦,╠╓╩Й,2020-12-21,5.7,7.1,13.6,0.7,2.6,72.0,0.0,0.0,0.0,0.0,0.0,4.0,а╓╥╝гя╟Х╧л╦╦,а╓╥╝гя╟Х╧л╦╦
гоц╣,╫бцл╨╦,╠╓╩Й,2020-12-28,8.1,7.2,13.3,0.7,5.1,55.8,0.0,0.0,0.0,0.0,0.0,7.0,12,а╓╥╝гя╟Х╧л╦╦
гоц╣,ав╩Й╨╦,ав╩Й,2020-01-06,5.7,8.0,12.9,,,34.0,0.0,0.0,0.0,0.0,0.0,13.0,9,0.0
гоц╣,ав╩Й╨╦,ав╩Й,2020-01-13,6.8,7.5,10.6,,,24.7,0.0,0.0,0.0,0.0,0.0,15.0,9,0.0
гоц╣,ав╩Й╨╦,ав╩Й,2020-01-20,5.6,7.6,14.5,,,58.2,0.0,0.0,0.0,0.0,0.0,12.0,5,0.0
гоц╣,ав╩Й╨╦,ав╩Й,2020-01-28,6.8,7.8,14.3,,,51.4,0.0,0.0,0.0,0.0,0.0,11.0,7,0.0
гоц╣,ав╩Й╨╦,ав╩Й,2020-01-30,7.9,7.7,14.3,,,34.2,0.0,0.0,0.0,0.0,0.0,12.0,5,╨п╪╝аъ
гоц╣,ав╩Й╨╦,ав╩Й,2020-02-03,7.8,8.2,15.5,,,58.9,0.0,0.0,0.0,0.0,0.0,19.0,7,0.0
гоц╣,ав╩Й╨╦,ав╩Й,2020-02-06,6.7,8.7,16.4,,,105.6,0.0,0.0,0.0,0.0,0.0,20.0,12,0.0
гоц╣,ав╩Й╨╦,ав╩Й,2020-02-18,6.4,7.8,12.7,,,49.6,0.0,0.0,0.0,0.0,0.0,15.0,7,0.0
гоц╣,ав╩Й╨╦,ав╩Й,2020-02-13,7.1,8.9,15.8,,,79.8,0.0,0.0,0.0,0.0,0.0,9.0,5,0.0
гоц╣,ав╩Й╨╦,ав╩Й,2020-02-18,6.4,7.8,12.7,,,49.6,0.0,0.0,0.0,0.0,0.0,15.0,7,0.0
гоц╣,ав╩Й╨╦,ав╩Й,2020-02-24,8.4,8.8,16.4,,,80.6,0.0,0.0,0.0,0.0,0.0,11.0,4,0.0
гоц╣,ав╩Й╨╦,ав╩Й,2020-03-02,10.2,8.1,13.6,,,43.5,0.0,0.0,0.0,0.0,0.0,12.0,7,0.0
гоц╣,ав╩Й╨╦,ав╩Й,2020-03-09,10.1,8.5,14.5,,,83.9,0.0,0.0,0.0,0.0,0.0,12.0,6,0.0
гоц╣,ав╩Й╨╦,ав╩Й,2020-03-16,10.3,8.7,14.1,,,84.0,0.0,0.0,0.0,0.0,0.0,7.0,а╓╥╝гя╟Х╧л╦╦,0.0
гоц╣,ав╩Й╨╦,ав╩Й,2020-03-23,13.2,8.3,12.7,,,52.8,0.0,0.0,0.0,0.0,0.0,4.0,а╓╥╝гя╟Х╧л╦╦,а╓╥╝гя╟Х╧л╦╦
гоц╣,ав╩Й╨╦,ав╩Й,2020-03-30,13.6,7.5,7.7,,,72.6,0.0,0.0,0.0,0.0,0.0,7.0,8,а╓╥╝гя╟Х╧л╦╦
гоц╣,ав╩Й╨╦,ав╩Й,2020-04-06,14.2,8.2,11.8,,,104.9,0.0,0.0,0.0,0.0,0.0,12.0,9,а╓╥╝гя╟Х╧л╦╦
гоц╣,ав╩Й╨╦,ав╩Й,2020-04-13,14.1,7.7,10.2,,,46.3,0.0,0.0,0.0,0.0,0.0,12.0,10,а╓╥╝гя╟Х╧л╦╦
гоц╣,ав╩Й╨╦,ав╩Й,2020-04-20,15.6,7.3,9.0,,,50.3,0.0,0.0,0.0,0.0,0.0,11.0,10,а╓╥╝гя╟Х╧л╦╦
гоц╣,ав╩Й╨╦,ав╩Й,2020-04-27,15.6,8.0,11.9,,,48.5,0.0,0.0,0.0,0.0,0.0,15.0,9,а╓╥╝гя╟Х╧л╦╦
гоц╣,ав╩Й╨╦,ав╩Й,2020-05-04,19.7,7.6,8.5,1.0,6.0,45.2,0.0,0.0,0.0,0.0,0.0,19.0,12,а╓╥╝гя╟Х╧л╦╦
гоц╣,ав╩Й╨╦,ав╩Й,2020-05-11,20.7,7.6,8.9,0.8,7.2,40.2,0.0,0.0,0.0,0.0,0.0,16.0,29,а╓╥╝гя╟Х╧л╦╦
гоц╣,ав╩Й╨╦,ав╩Й,2020-05-18,21.3,7.1,7.3,0.7,6.2,33.4,0.0,0.0,0.0,0.0,0.0,11.0,8,а╓╥╝гя╟Х╧л╦╦
гоц╣,ав╩Й╨╦,ав╩Й,2020-05-25,20.9,7.2,9.2,0.7,7.6,53.9,0.0,0.0,0.0,0.0,0.0,7.0,5,а╓╥╝гя╟Х╧л╦╦
гоц╣,ав╩Й╨╦,ав╩Й,2020-06-01,22.7,7.1,7.4,0.8,9.2,27.9,0.0,0.0,0.0,0.0,0.0,9.0,8,а╓╥╝гя╟Х╧л╦╦
гоц╣,ав╩Й╨╦,ав╩Й,2020-06-08,26.6,7.8,9.2,0.8,8.0,25.8,276.0,0.0,18.0,0.0,258.0,12.0,10,а╓╥╝гя╟Х╧л╦╦
гоц╣,ав╩Й╨╦,ав╩Й,2020-06-15,24.9,7.7,5.8,0.4,23.4,8.7,0.0,0.0,0.0,0.0,0.0,12.0,9,а╓╥╝гя╟Х╧л╦╦
гоц╣,ав╩Й╨╦,ав╩Й,2020-06-22,26.5,8.4,15.2,0.6,7.3,91.9,0.0,0.0,0.0,0.0,0.0,10.0,7,а╓╥╝гя╟Х╧л╦╦
гоц╣,ав╩Й╨╦,ав╩Й,2020-07-01,23.9,6.9,6.9,0.6,9.5,48.1,0.0,0.0,0.0,0.0,0.0,9.0,8,а╓╥╝гя╟Х╧л╦╦
гоц╣,ав╩Й╨╦,ав╩Й,2020-07-06,24.0,7.1,8.3,0.8,7.0,50.7,0.0,0.0,0.0,0.0,0.0,5.0,4,а╓╥╝гя╟Х╧л╦╦
гоц╣,ав╩Й╨╦,ав╩Й,2020-07-15,20.9,7.1,7.9,0.4,21.3,5.8,33.0,33.0,0.0,0.0,0.0,9.0,7,а╓╥╝гя╟Х╧л╦╦
гоц╣,ав╩Й╨╦,ав╩Й,2020-07-21,24.9,7.1,8.6,0.6,7.9,30.3,0.0,0.0,0.0,0.0,0.0,27.0,а╓╥╝гя╟Х╧л╦╦,а╓╥╝гя╟Х╧л╦╦
гоц╣,ав╩Й╨╦,ав╩Й,2020-07-27,23.2,7.8,7.7,0.7,9.8,5.4,0.0,0.0,0.0,0.0,0.0,6.0,4,а╓╥╝гя╟Х╧л╦╦
гоц╣,ав╩Й╨╦,ав╩Й,2020-08-03,25.7,7.4,7.6,0.9,9.3,13.7,0.0,0.0,0.0,0.0,0.0,56.0,7,а╓╥╝гя╟Х╧л╦╦
гоц╣,ав╩Й╨╦,ав╩Й,2020-08-10,,,,,,,,,,,,,,
гоц╣,ав╩Й╨╦,ав╩Й,2020-08-18,30.8,8.3,16.3,0.7,6.6,102.0,95.0,0.0,0.0,0.0,95.0,6.0,6,а╓╥╝гя╟Х╧л╦╦
гоц╣,ав╩Й╨╦,ав╩Й,2020-08-24,30.3,7.2,7.7,0.9,5.3,26.0,488.0,488.0,0.0,0.0,0.0,7.0,5,а╓╥╝гя╟Х╧л╦╦
гоц╣,ав╩Й╨╦,ав╩Й,2020-09-01,28.3,6.5,6.7,0.2,70.9,36.7,0.0,0.0,0.0,0.0,0.0,7.0,7,╨п╪╝аъ
гоц╣,ав╩Й╨╦,ав╩Й,2020-09-08,21.9,7.1,7.6,,22.0,4.3,325.0,174.0,51.0,86.0,14.0,8.0,5,а╓╥╝гя╟Х╧л╦╦
гоц╣,ав╩Й╨╦,ав╩Й,2020-09-14,22.8,7.1,7.2,0.6,13.2,4.3,0.0,0.0,0.0,0.0,0.0,9.0,6,а╓╥╝гя╟Х╧л╦╦
гоц╣,ав╩Й╨╦,ав╩Й,2020-09-21,22.8,8.2,12.1,0.6,8.9,88.9,3842.0,3372.0,65.0,0.0,405.0,21.0,5,а╓╥╝гя╟Х╧л╦╦
гоц╣,ав╩Й╨╦,ав╩Й,2020-09-28,23.7,8.6,15.5,0.7,4.7,64.8,2302.0,2052.0,189.0,0.0,61.0,14.0,5,а╓╥╝гя╟Х╧л╦╦
гоц╣,ав╩Й╨╦,ав╩Й,2020-10-05,22.6,9.0,12.2,0.4,10.3,184.7,2466.0,2056.0,252.0,0.0,158.0,19.0,7,а╓╥╝гя╟Х╧л╦╦
гоц╣,ав╩Й╨╦,ав╩Й,2020-10-12,21.0,9.6,15.0,0.5,6.1,125.8,1985.0,1525.0,278.0,0.0,182.0,13.0,8,а╓╥╝гя╟Х╧л╦╦
гоц╣,ав╩Й╨╦,ав╩Й,2020-10-19,18.1,9.4,13.6,0.5,8.8,217.7,270.0,270.0,0.0,0.0,0.0,6.0,3,
гоц╣,ав╩Й╨╦,ав╩Й,2020-10-26,16.1,9.3,16.3,0.7,8.9,238.5,1116.0,911.0,68.0,0.0,137.0,14.0,12,
гоц╣,ав╩Й╨╦,ав╩Й,2020-11-02,15.6,9.0,14.8,0.7,3.4,122.6,365.0,330.0,0.0,0.0,35.0,6.0,7,
гоц╣,ав╩Й╨╦,ав╩Й,2020-11-09,13.5,8.7,13.3,0.5,6.9,149.8,399.0,336.0,0.0,0.0,63.0,9.0,а╓╥╝гя╟Х╧л╦╦,
гоц╣,ав╩Й╨╦,ав╩Й,2020-11-16,13.5,8.7,13.4,0.9,3.5,51.5,480.0,0.0,0.0,0.0,480.0,8.0,10,
гоц╣,ав╩Й╨╦,ав╩Й,2020-11-24,12.7,7.4,7.4,0.8,7.4,34.7,0.0,0.0,0.0,0.0,0.0,8.0,9,
гоц╣,ав╩Й╨╦,ав╩Й,2020-12-01,10.0,7.0,10.7,0.8,5.0,38.8,0.0,0.0,0.0,0.0,0.0,7.0,8,а╓╥╝гя╟Х╧л╦╦
гоц╣,ав╩Й╨╦,ав╩Й,2020-12-07,8.1,8.0,12.9,1.0,5.1,52.7,0.0,0.0,0.0,0.0,0.0,10.0,8,а╓╥╝гя╟Х╧л╦╦
гоц╣,ав╩Й╨╦,ав╩Й,2020-12-15,6.2,8.0,13.2,0.8,4.2,33.5,0.0,0.0,0.0,0.0,0.0,9.0,9,а╓╥╝гя╟Х╧л╦╦
гоц╣,ав╩Й╨╦,ав╩Й,2020-12-21,4.8,8.1,14.4,0.8,6.3,61.4,0.0,0.0,0.0,0.0,0.0,3.0,а╓╥╝гя╟Х╧л╦╦,а╓╥╝гя╟Х╧л╦╦
гоц╣,ав╩Й╨╦,ав╩Й,2020-12-28,5.0,8.6,15.0,0.6,6.8,129.5,0.0,0.0,0.0,0.0,0.0,6.0,6,а╓╥╝гя╟Х╧л╦╦
гоц╣,╫бцл╨╦,╠╓╩Й,2021-01-04,5.9,7.0,13.0,0.8,6.1,66.8,0.0,0.0,0.0,0.0,0.0,6.0,7,а╓╥╝гя╟Х╧л╦╦
гоц╣,╫бцл╨╦,╠╓╩Й,2021-01-14,5.5,7.4,13.9,1.0,6.2,58.3,0.0,0.0,0.0,0.0,0.0,,,
гоц╣,╫бцл╨╦,╠╓╩Й,2021-01-19,5.3,7.2,12.4,1.0,4.7,44.2,0.0,0.0,0.0,0.0,0.0,10.0,6,а╓╥╝гя╟Х╧л╦╦
гоц╣,╫бцл╨╦,╠╓╩Й,2021-01-25,8.9,7.2,9.7,0.7,6.6,44.3,0.0,0.0,0.0,0.0,0.0,11.0,5,а╓╥╝гя╟Х╧л╦╦
гоц╣,╫бцл╨╦,╠╓╩Й,2021-02-01,7.7,7.3,12.2,0.7,4.3,62.6,0.0,0.0,0.0,0.0,0.0,,,а╓╥╝гя╟Х╧л╦╦
гоц╣,╫бцл╨╦,╠╓╩Й,2021-02-08,7.4,7.4,11.8,0.9,4.8,68.6,0.0,0.0,0.0,0.0,0.0,19.0,6,а╓╥╝гя╟Х╧л╦╦
гоц╣,╫бцл╨╦,╠╓╩Й,2021-02-15,10.5,7.6,14.3,0.9,5.5,69.2,0.0,0.0,0.0,0.0,0.0,19.0,а╓╥╝гя╟Х╧л╦╦,а╓╥╝гя╟Х╧л╦╦
гоц╣,╫бцл╨╦,╠╓╩Й,2021-02-22,9.9,7.3,12.8,0.6,5.6,55.6,0.0,0.0,0.0,0.0,0.0,21.0,3,а╓╥╝гя╟Х╧л╦╦
гоц╣,╫бцл╨╦,╠╓╩Й,2021-03-02,10.7,7.1,8.6,0.3,45.1,27.3,0.0,0.0,0.0,0.0,0.0,13.0,а╓╥╝гя╟Х╧л╦╦,а╓╥╝гя╟Х╧л╦╦
гоц╣,╫бцл╨╦,╠╓╩Й,2021-03-08,11.8,7.1,10.9,0.6,11.4,77.3,0.0,0.0,0.0,0.0,0.0,26.0,4,а╓╥╝гя╟Х╧л╦╦
гоц╣,╫бцл╨╦,╠╓╩Й,2021-03-15,12.8,7.8,12.1,0.8,9.2,93.3,0.0,0.0,0.0,0.0,0.0,29.0,4,а╓╥╝гя╟Х╧л╦╦
гоц╣,╫бцл╨╦,╠╓╩Й,2021-03-22,12.8,6.8,10.0,0.6,8.7,106.4,0.0,0.0,0.0,0.0,0.0,23.0,4,а╓╥╝гя╟Х╧л╦╦
гоц╣,╫бцл╨╦,╠╓╩Й,2021-03-29,14.9,7.8,9.3,0.6,14.9,102.3,0.0,0.0,0.0,0.0,0.0,15.0,3,а╓╥╝гя╟Х╧л╦╦
гоц╣,╫бцл╨╦,╠╓╩Й,2021-04-05,15.3,7.6,8.1,0.5,11.2,142.4,0.0,0.0,0.0,0.0,0.0,15.0,8,а╓╥╝гя╟Х╧л╦╦
гоц╣,╫бцл╨╦,╠╓╩Й,2021-04-12,17.5,8.5,13.3,0.4,6.6,224.4,0.0,0.0,0.0,0.0,0.0,11.0,8,а╓╥╝гя╟Х╧л╦╦
гоц╣,╫бцл╨╦,╠╓╩Й,2021-04-19,15.4,8.8,16.4,0.6,5.1,234.1,0.0,0.0,0.0,0.0,0.0,13.0,10,а╓╥╝гя╟Х╧л╦╦
гоц╣,╫бцл╨╦,╠╓╩Й,2021-04-26,19.8,7.4,10.2,0.7,4.1,53.5,0.0,0.0,0.0,0.0,0.0,11.0,9,а╓╥╝гя╟Х╧л╦╦
гоц╣,╫бцл╨╦,╠╓╩Й,2021-05-03,17.1,7.1,7.3,0.7,1.6,80.7,0.0,0.0,0.0,0.0,0.0,12.0,6,а╓╥╝гя╟Х╧л╦╦
гоц╣,╫бцл╨╦,╠╓╩Й,2021-05-10,19.7,7.3,12.7,0.5,11.7,108.7,0.0,0.0,0.0,0.0,0.0,13.0,9,а╓╥╝гя╟Х╧л╦╦
гоц╣,╫бцл╨╦,╠╓╩Й,2021-05-17,20.8,6.6,4.4,0.4,14.6,16.6,0.0,0.0,0.0,0.0,0.0,10.0,4,а╓╥╝гя╟Х╧л╦╦
гоц╣,╫бцл╨╦,╠╓╩Й,2021-05-24,23.5,8.1,14.4,0.5,5.1,186.5,0.0,0.0,0.0,0.0,0.0,6.0,3,а╓╥╝гя╟Х╧л╦╦
гоц╣,╫бцл╨╦,╠╓╩Й,2021-06-01,25.0,8.6,17.0,0.5,5.7,136.3,0.0,0.0,0.0,0.0,0.0,7.0,5,а╓╥╝гя╟Х╧л╦╦
гоц╣,╫бцл╨╦,╠╓╩Й,2021-06-07,24.0,7.1,9.9,0.6,5.0,126.7,0.0,0.0,0.0,0.0,0.0,7.0,7,а╓╥╝гя╟Х╧л╦╦
гоц╣,╫бцл╨╦,╠╓╩Й,2021-06-14,26.4,6.6,7.6,0.5,5.9,81.7,0.0,0.0,0.0,0.0,0.0,5.0,9,а╓╥╝гя╟Х╧л╦╦
гоц╣,╫бцл╨╦,╠╓╩Й,2021-06-21,26.6,7.2,10.9,0.5,2.2,95.0,157.0,123.0,34.0,0.0,0.0,4.0,5,а╓╥╝гя╟Х╧л╦╦
гоц╣,╫бцл╨╦,╠╓╩Й,2021-06-28,27.1,6.6,6.0,0.6,2.8,66.7,0.0,0.0,0.0,0.0,0.0,5.0,5,а╓╥╝гя╟Х╧л╦╦
гоц╣,╫бцл╨╦,╠╓╩Й,2021-07-05,24.8,6.8,4.7,0.5,6.5,25.4,0.0,0.0,0.0,0.0,0.0,5.0,4,0.0
гоц╣,╫бцл╨╦,╠╓╩Й,2021-07-12,27.8,6.6,8.0,0.5,2.7,53.2,66.0,66.0,0.0,0.0,0.0,4.0,2,а╓╥╝гя╟Х╧л╦╦
гоц╣,╫бцл╨╦,╠╓╩Й,2021-07-19,29.2,7.2,8.2,0.5,4.4,72.2,63.0,51.0,12.0,0.0,0.0,14.0,6,а╓╥╝гя╟Х╧л╦╦
гоц╣,╫бцл╨╦,╠╓╩Й,2021-07-26,29.3,7.8,9.8,0.6,5.2,136.4,98.0,98.0,0.0,0.0,0.0,11.0,12,а╓╥╝гя╟Х╧л╦╦
гоц╣,╫бцл╨╦,╠╓╩Й,2021-08-02,29.1,6.7,4.2,0.6,5.1,129.9,822.0,688.0,47.0,54.0,33.0,13.0,3,а╓╥╝гя╟Х╧л╦╦
гоц╣,╫бцл╨╦,╠╓╩Й,2021-08-09,28.3,6.7,6.3,0.4,10.2,58.3,491.0,471.0,14.0,6.0,0.0,6.0,14,а╓╥╝гя╟Х╧л╦╦
гоц╣,╫бцл╨╦,╠╓╩Й,2021-08-17,28.3,7.0,8.6,6.0,3.7,86.0,661.0,578.0,83.0,0.0,0.0,8.0,9,а╓╥╝гя╟Х╧л╦╦
гоц╣,╫бцл╨╦,╠╓╩Й,2021-08-23,,,,,,,,,,,,,,
гоц╣,╫бцл╨╦,╠╓╩Й,2021-09-01,,,,,,,,,,,,,,
гоц╣,╫бцл╨╦,╠╓╩Й,2021-09-06,24.2,6.7,6.9,0.7,2.8,18.5,510.0,419.0,23.0,0.0,68.0,8.0,4,а╓╥╝гя╟Х╧л╦╦
гоц╣,╫бцл╨╦,╠╓╩Й,2021-09-13,26.1,7.2,9.7,0.7,3.1,57.1,89.0,89.0,0.0,0.0,0.0,9.0,9,а╓╥╝гя╟Х╧л╦╦
гоц╣,╫бцл╨╦,╠╓╩Й,2021-09-23,25.1,7.0,8.4,0.7,3.7,25.2,2018.0,1852.0,53.0,0.0,113.0,35.0,5,0.2
гоц╣,╫бцл╨╦,╠╓╩Й,2021-09-27,24.7,7.0,9.5,0.7,3.9,44.3,1206.0,1149.0,43.0,0.0,14.0,13.0,8,а╓╥╝гя╟Х╧л╦╦
гоц╣,╫бцл╨╦,╠╓╩Й,2021-10-05,25.4,7.8,11.9,0.6,5.2,94.5,1003.0,1003.0,0.0,0.0,0.0,6.0,6,а╓╥╝гя╟Х╧л╦╦
гоц╣,╫бцл╨╦,╠╓╩Й,2021-10-12,22.9,6.9,4.8,0.8,4.2,47.0,617.0,617.0,0.0,0.0,0.0,11.0,10,а╓╥╝гя╟Х╧л╦╦
гоц╣,╫бцл╨╦,╠╓╩Й,2021-10-18,16.3,7.2,9.9,0.7,6.9,34.3,0.0,0.0,0.0,0.0,0.0,7.0,5,а╓╥╝гя╟Х╧л╦╦
гоц╣,╫бцл╨╦,╠╓╩Й,2021-10-25,17.3,8.3,17.2,0.7,4.4,112.9,0.0,0.0,0.0,0.0,0.0,7.0,6,а╓╥╝гя╟Х╧л╦╦
гоц╣,╫бцл╨╦,╠╓╩Й,2021-11-01,17.0,7.1,10.5,0.8,3.0,52.2,0.0,0.0,0.0,0.0,0.0,5.0,4,а╓╥╝гя╟Х╧л╦╦
гоц╣,╫бцл╨╦,╠╓╩Й,2021-11-08,17.0,7.2,11.2,0.6,5.5,75.2,0.0,0.0,0.0,0.0,0.0,10.0,8,а╓╥╝гя╟Х╧л╦╦
гоц╣,╫бцл╨╦,╠╓╩Й,2021-11-15,12.6,6.9,8.5,0.9,1.8,33.3,0.0,0.0,0.0,0.0,0.0,9.0,6,а╓╥╝гя╟Х╧л╦╦
гоц╣,╫бцл╨╦,╠╓╩Й,2021-11-22,13.3,6.9,9.7,0.9,3.5,54.1,0.0,0.0,0.0,0.0,0.0,10.0,7,а╓╥╝гя╟Х╧л╦╦
гоц╣,╫бцл╨╦,╠╓╩Й,2021-11-29,12.2,7.0,9.3,1.0,2.9,38.4,0.0,0.0,0.0,0.0,0.0,11.0,6,а╓╥╝гя╟Х╧л╦╦
гоц╣,╫бцл╨╦,╠╓╩Й,2021-12-06,9.3,7.0,10.6,0.8,5.1,28.2,0.0,0.0,0.0,0.0,0.0,7.0,4,а╓╥╝гя╟Х╧л╦╦
гоц╣,╫бцл╨╦,╠╓╩Й,2021-12-13,10.4,7.1,10.6,0.8,5.5,38.2,0.0,0.0,0.0,0.0,0.0,5.0,4,а╓╥╝гя╟Х╧л╦╦
гоц╣,╫бцл╨╦,╠╓╩Й,2021-12-20,7.4,7.2,12.1,1.0,3.6,41.1,0.0,0.0,0.0,0.0,0.0,8.0,5,а╓╥╝гя╟Х╧л╦╦
гоц╣,╫бцл╨╦,╠╓╩Й,2021-12-27,5.4,7.4,13.0,0.8,2.7,19.4,0.0,0.0,0.0,0.0,0.0,4.0,3,а╓╥╝гя╟Х╧л╦╦
гоц╣,ав╩Й╨╦,ав╩Й,2021-01-04,4.4,8.8,18.2,0.5,10.4,168.2,0.0,0.0,0.0,0.0,0.0,4.0,5,а╓╥╝гя╟Х╧л╦╦
гоц╣,ав╩Й╨╦,ав╩Й,2021-01-14,,,,,,,,,,,,,,
гоц╣,ав╩Й╨╦,ав╩Й,2021-01-19,3.6,8.8,18.0,0.4,8.2,133.4,0.0,0.0,0.0,0.0,0.0,9.0,4,а╓╥╝гя╟Х╧л╦╦
гоц╣,ав╩Й╨╦,ав╩Й,2021-01-25,6.1,8.8,18.0,0.6,4.8,129.1,0.0,0.0,0.0,0.0,0.0,9.0,4,а╓╥╝гя╟Х╧л╦╦
гоц╣,ав╩Й╨╦,ав╩Й,2021-02-01,7.0,8.7,17.1,0.5,8.6,161.0,0.0,0.0,0.0,0.0,0.0,,,а╓╥╝гя╟Х╧л╦╦
гоц╣,ав╩Й╨╦,ав╩Й,2021-02-08,6.4,8.9,16.5,0.6,11.6,174.3,0.0,0.0,0.0,0.0,0.0,13.0,6,а╓╥╝гя╟Х╧л╦╦
гоц╣,ав╩Й╨╦,ав╩Й,2021-02-15,8.0,9.0,17.3,0.6,7.4,98.6,0.0,0.0,0.0,0.0,0.0,13.0,а╓╥╝гя╟Х╧л╦╦,а╓╥╝гя╟Х╧л╦╦
гоц╣,ав╩Й╨╦,ав╩Й,2021-02-22,8.8,8.5,14.3,0.7,8.6,73.3,0.0,0.0,0.0,0.0,0.0,16.0,3,а╓╥╝гя╟Х╧л╦╦
гоц╣,ав╩Й╨╦,ав╩Й,2021-03-02,9.3,7.7,11.6,0.6,12.5,99.0,0.0,0.0,0.0,0.0,0.0,17.0,а╓╥╝гя╟Х╧л╦╦,а╓╥╝гя╟Х╧л╦╦
гоц╣,ав╩Й╨╦,ав╩Й,2021-03-08,11.1,7.6,11.8,0.7,7.3,78.3,0.0,0.0,0.0,0.0,0.0,29.0,4,а╓╥╝гя╟Х╧л╦╦
гоц╣,ав╩Й╨╦,ав╩Й,2021-03-15,13.0,8.2,12.1,0.8,7.2,62.7,0.0,0.0,0.0,0.0,0.0,27.0,3,а╓╥╝гя╟Х╧л╦╦
гоц╣,ав╩Й╨╦,ав╩Й,2021-03-22,13.0,7.1,8.4,0.6,12.2,33.2,0.0,0.0,0.0,0.0,0.0,28.0,3,а╓╥╝гя╟Х╧л╦╦
гоц╣,ав╩Й╨╦,ав╩Й,2021-03-29,14.9,7.5,7.6,0.5,16.2,52.5,0.0,0.0,0.0,0.0,0.0,16.0,2,а╓╥╝гя╟Х╧л╦╦
гоц╣,ав╩Й╨╦,ав╩Й,2021-04-05,15.6,7.6,8.1,0.6,7.7,47.0,0.0,0.0,0.0,0.0,0.0,16.0,5,а╓╥╝гя╟Х╧л╦╦
гоц╣,ав╩Й╨╦,ав╩Й,2021-04-12,16.8,8.2,10.7,0.5,5.9,54.8,0.0,0.0,0.0,0.0,0.0,10.0,13,а╓╥╝гя╟Х╧л╦╦
гоц╣,ав╩Й╨╦,ав╩Й,2021-04-19,16.4,7.9,9.1,0.6,4.4,43.2,0.0,0.0,0.0,0.0,0.0,12.0,21,а╓╥╝гя╟Х╧л╦╦
гоц╣,ав╩Й╨╦,ав╩Й,2021-04-26,19.2,8.9,11.2,0.7,2.9,63.4,149.0,0.0,0.0,0.0,149.0,10.0,26,а╓╥╝гя╟Х╧л╦╦
гоц╣,ав╩Й╨╦,ав╩Й,2021-05-03,19.4,8.0,8.7,0.5,4.1,48.0,0.0,0.0,0.0,0.0,0.0,11.0,37,а╓╥╝гя╟Х╧л╦╦
гоц╣,ав╩Й╨╦,ав╩Й,2021-05-10,19.9,8.1,10.9,0.5,5.4,65.9,1019.0,0.0,570.0,0.0,449.0,9.0,18,а╓╥╝гя╟Х╧л╦╦
гоц╣,ав╩Й╨╦,ав╩Й,2021-05-17,21.3,6.9,4.5,0.4,12.3,21.3,0.0,0.0,0.0,0.0,0.0,11.0,3,а╓╥╝гя╟Х╧л╦╦
гоц╣,ав╩Й╨╦,ав╩Й,2021-05-24,23.6,8.3,13.4,0.6,3.3,83.4,31.0,0.0,31.0,0.0,0.0,5.0,4,а╓╥╝гя╟Х╧л╦╦
гоц╣,ав╩Й╨╦,ав╩Й,2021-06-01,23.5,8.3,11.8,0.6,4.1,61.9,338.0,0.0,0.0,0.0,338.0,5.0,5,а╓╥╝гя╟Х╧л╦╦
гоц╣,ав╩Й╨╦,ав╩Й,2021-06-07,24.5,7.8,11.1,0.5,4.8,118.0,0.0,0.0,0.0,0.0,0.0,4.0,6,а╓╥╝гя╟Х╧л╦╦
гоц╣,ав╩Й╨╦,ав╩Й,2021-06-14,25.8,7.6,11.0,0.6,4.8,96.6,0.0,0.0,0.0,0.0,0.0,3.0,5,а╓╥╝гя╟Х╧л╦╦
гоц╣,ав╩Й╨╦,ав╩Й,2021-06-21,26.4,8.5,14.1,0.6,1.5,68.6,410.0,404.0,6.0,0.0,0.0,3.0,4,а╓╥╝гя╟Х╧л╦╦
гоц╣,ав╩Й╨╦,ав╩Й,2021-06-28,28.9,8.5,11.9,0.4,9.9,65.5,33791.0,33750.0,0.0,0.0,41.0,5.0,11,а╓╥╝гя╟Х╧л╦╦
гоц╣,ав╩Й╨╦,ав╩Й,2021-07-05,25.8,6.8,4.7,0.5,7.6,37.6,703.0,703.0,0.0,0.0,0.0,7.0,6,0.0
гоц╣,ав╩Й╨╦,ав╩Й,2021-07-12,27.4,7.3,10.1,0.6,5.4,53.8,211.0,211.0,0.0,0.0,0.0,4.0,а╓╥╝гя╟Х╧л╦╦,а╓╥╝гя╟Х╧л╦╦
гоц╣,ав╩Й╨╦,ав╩Й,2021-07-19,29.4,7.7,8.2,0.7,2.4,57.6,733.0,706.0,27.0,0.0,0.0,20.0,6,а╓╥╝гя╟Х╧л╦╦
гоц╣,ав╩Й╨╦,ав╩Й,2021-07-26,30.1,8.4,10.4,0.5,9.4,68.2,15725.0,14400.0,1000.0,0.0,325.0,130.0,10,0.1
гоц╣,ав╩Й╨╦,ав╩Й,2021-08-02,30.9,8.3,9.5,0.5,13.1,101.2,19809.0,19125.0,201.0,0.0,483.0,22.0,5,0.2
гоц╣,ав╩Й╨╦,ав╩Й,2021-08-09,30.2,7.3,7.9,0.5,6.9,43.1,1056.0,743.0,0.0,63.0,250.0,5.0,19,а╓╥╝гя╟Х╧л╦╦
гоц╣,ав╩Й╨╦,ав╩Й,2021-08-17,29.3,8.5,13.2,0.6,4.8,79.4,2659.0,1677.0,128.0,108.0,746.0,12.0,164,а╓╥╝гя╟Х╧л╦╦
гоц╣,ав╩Й╨╦,ав╩Й,2021-08-23,,,,,,,,,,,,,,
гоц╣,ав╩Й╨╦,ав╩Й,2021-09-01,,,,,,,,,,,,,,
гоц╣,ав╩Й╨╦,ав╩Й,2021-09-06,24.5,6.8,7.5,0.6,6.0,23.8,234.0,138.0,58.0,0.0,38.0,6.0,4,а╓╥╝гя╟Х╧л╦╦
гоц╣,ав╩Й╨╦,ав╩Й,2021-09-13,25.4,8.5,14.4,0.6,4.2,68.2,277.0,160.0,117.0,0.0,0.0,8.0,9,а╓╥╝гя╟Х╧л╦╦
гоц╣,ав╩Й╨╦,ав╩Й,2021-09-23,25.8,7.6,10.1,0.6,7.1,25.5,1705.0,1463.0,242.0,0.0,0.0,11.0,6,0.2
гоц╣,ав╩Й╨╦,ав╩Й,2021-09-27,24.9,8.1,11.9,0.6,5.9,70.5,1955.0,1687.0,205.0,0.0,63.0,18.0,6,0.1
гоц╣,ав╩Й╨╦,ав╩Й,2021-10-05,27.1,8.8,15.2,0.6,7.2,95.9,747.0,698.0,49.0,0.0,0.0,4.0,4,а╓╥╝гя╟Х╧л╦╦
гоц╣,ав╩Й╨╦,ав╩Й,2021-10-12,23.9,7.2,7.9,0.6,9.9,56.3,915.0,802.0,0.0,0.0,113.0,6.0,12,а╓╥╝гя╟Х╧л╦╦
гоц╣,ав╩Й╨╦,ав╩Й,2021-10-18,19.5,8.5,13.6,0.6,9.8,83.8,152.0,152.0,0.0,0.0,0.0,4.0,5,а╓╥╝гя╟Х╧л╦╦
гоц╣,ав╩Й╨╦,ав╩Й,2021-10-25,16.2,8.7,14.7,0.6,7.5,102.5,576.0,383.0,34.0,159.0,0.0,4.0,5,а╓╥╝гя╟Х╧л╦╦
гоц╣,ав╩Й╨╦,ав╩Й,2021-11-01,16.0,8.3,13.5,0.9,5.4,63.0,227.0,206.0,21.0,0.0,0.0,3.0,3,а╓╥╝гя╟Х╧л╦╦
гоц╣,ав╩Й╨╦,ав╩Й,2021-11-08,15.5,8.3,11.6,0.9,4.6,48.5,0.0,0.0,0.0,0.0,0.0,5.0,5,а╓╥╝гя╟Х╧л╦╦
гоц╣,ав╩Й╨╦,ав╩Й,2021-11-15,13.2,7.3,9.1,0.9,2.8,21.3,0.0,0.0,0.0,0.0,0.0,7.0,6,а╓╥╝гя╟Х╧л╦╦
гоц╣,ав╩Й╨╦,ав╩Й,2021-11-22,12.5,7.1,9.5,0.7,5.2,31.6,0.0,0.0,0.0,0.0,0.0,7.0,5,а╓╥╝гя╟Х╧л╦╦
гоц╣,ав╩Й╨╦,ав╩Й,2021-11-29,10.7,7.3,11.0,1.0,3.8,43.9,0.0,0.0,0.0,0.0,0.0,7.0,6,а╓╥╝гя╟Х╧л╦╦
гоц╣,ав╩Й╨╦,ав╩Й,2021-12-06,9.1,7.1,9.6,1.2,2.7,15.6,0.0,0.0,0.0,0.0,0.0,8.0,5,а╓╥╝гя╟Х╧л╦╦
гоц╣,ав╩Й╨╦,ав╩Й,2021-12-13,8.5,8.1,14.0,0.6,6.6,82.1,0.0,0.0,0.0,0.0,0.0,3.0,4,а╓╥╝гя╟Х╧л╦╦
гоц╣,ав╩Й╨╦,ав╩Й,2021-12-20,6.7,8.6,15.6,0.7,6.3,81.8,0.0,0.0,0.0,0.0,0.0,6.0,4,а╓╥╝гя╟Х╧л╦╦
гоц╣,ав╩Й╨╦,ав╩Й,2021-12-27,4.7,8.3,14.0,0.8,6.3,36.3,0.0,0.0,0.0,0.0,0.0,4.0,2,а╓╥╝гя╟Х╧л╦╦
гоц╣,╫бцл╨╦,╠╓╩Й,2022-01-03,5.8,7.6,15.1,0.8,5.2,81.8,0.0,0.0,0.0,0.0,0.0,9,5,а╓╥╝гя╟Х╧л╦╦
гоц╣,╫бцл╨╦,╠╓╩Й,2022-01-10,6.5,7.1,15.9,0.7,8.1,87.0,0.0,0.0,0.0,0.0,0.0,10,3,а╓╥╝гя╟Х╧л╦╦
гоц╣,╫бцл╨╦,╠╓╩Й,2022-01-17,5.9,7.3,13.5,0.7,5.3,45.0,0.0,0.0,0.0,0.0,0.0,11,6,а╓╥╝гя╟Х╧л╦╦
гоц╣,╫бцл╨╦,╠╓╩Й,2022-01-24,7.6,7.2,13.7,0.8,5.4,77.9,0.0,0.0,0.0,0.0,0.0,11,5,а╓╥╝гя╟Х╧л╦╦
гоц╣,╫бцл╨╦,╠╓╩Й,2022-02-03,6.9,7.2,14.5,0.6,5.4,81.4,0.0,0.0,0.0,0.0,0.0,12,7,а╓╥╝гя╟Х╧л╦╦
гоц╣,╫бцл╨╦,╠╓╩Й,2022-02-07,6.4,7.6,15.5,0.6,7.1,95.0,0.0,0.0,0.0,0.0,0.0,11,3,а╓╥╝гя╟Х╧л╦╦
гоц╣,╫бцл╨╦,╠╓╩Й,2022-02-14,8.4,7.4,14.9,0.6,5.8,85.8,0.0,0.0,0.0,0.0,0.0,16,9,а╓╥╝гя╟Х╧л╦╦
гоц╣,╫бцл╨╦,╠╓╩Й,2022-02-21,6.5,7.5,13.2,0.6,6.9,54.0,0.0,0.0,0.0,0.0,0.0,12,7,а╓╥╝гя╟Х╧л╦╦
гоц╣,╫бцл╨╦,╠╓╩Й,2022-02-28,8.4,7.6,15.7,0.6,7.2,72.7,0.0,0.0,0.0,0.0,0.0,13,5,а╓╥╝гя╟Х╧л╦╦
гоц╣,╫бцл╨╦,╠╓╩Й,2022-03-07,10.5,7.4,13.7,0.6,7.8,93.1,0.0,0.0,0.0,0.0,0.0,9,3,а╓╥╝гя╟Х╧л╦╦
гоц╣,╫бцл╨╦,╠╓╩Й,2022-03-14,15.1,6.7,5.6,0.8,4.7,23.7,0.0,0.0,0.0,0.0,0.0,16,5,а╓╥╝гя╟Х╧л╦╦
гоц╣,╫бцл╨╦,╠╓╩Й,2022-03-21,11.3,6.7,5.2,0.9,5.6,3.6,0.0,0.0,0.0,0.0,0.0,13,5,а╓╥╝гя╟Х╧л╦╦
гоц╣,╫бцл╨╦,╠╓╩Й,2022-03-28,12.6,6.9,9.7,0.3,15.2,25.0,0.0,0.0,0.0,0.0,0.0,7,4,а╓╥╝гя╟Х╧л╦╦
гоц╣,╫бцл╨╦,╠╓╩Й,2022-04-04,14.6,7.9,15.7,0.6,8.8,161.3,0.0,0.0,0.0,0.0,0.0,11,5,а╓╥╝гя╟Х╧л╦╦
гоц╣,╫бцл╨╦,╠╓╩Й,2022-04-11,18.2,7.9,14.1,0.5,7.9,159.1,0.0,0.0,0.0,0.0,0.0,7,9,а╓╥╝гя╟Х╧л╦╦
гоц╣,╫бцл╨╦,╠╓╩Й,2022-04-18,18.6,7.0,8.4,0.8,5.5,29.5,0.0,0.0,0.0,0.0,0.0,15,13,а╓╥╝гя╟Х╧л╦╦
гоц╣,╫бцл╨╦,╠╓╩Й,2022-04-25,21.6,7.7,14.5,0.6,3.6,113.3,0.0,0.0,0.0,0.0,0.0,12,14,а╓╥╝гя╟Х╧л╦╦
гоц╣,╫бцл╨╦,╠╓╩Й,2022-05-02,18.6,7.2,10.8,0.4,5.6,134.2,0.0,0.0,0.0,0.0,0.0,14,16,а╓╥╝гя╟Х╧л╦╦
гоц╣,╫бцл╨╦,╠╓╩Й,2022-05-09,21.8,7.3,11.4,0.6,4.4,59.1,0.0,0.0,0.0,0.0,0.0,11,26,а╓╥╝гя╟Х╧л╦╦
гоц╣,╫бцл╨╦,╠╓╩Й,2022-05-16,20.3,7.6,13.5,0.4,5.4,90.4,0.0,0.0,0.0,0.0,0.0,10,17,а╓╥╝гя╟Х╧л╦╦
гоц╣,╫бцл╨╦,╠╓╩Й,2022-05-23,24.4,8.4,16.4,0.5,5.2,150.5,327.0,0.0,0.0,0.0,327.0,7,14,а╓╥╝гя╟Х╧л╦╦
гоц╣,ав╩Й╨╦,ав╩Й,2022-01-03,4.0,8.9,16.8,0.8,6.9,88.0,0.0,0.0,0.0,0.0,0.0,8,5,а╓╥╝гя╟Х╧л╦╦
гоц╣,ав╩Й╨╦,ав╩Й,2022-01-10,4.0,8.6,16.4,0.7,8.6,96.6,0.0,0.0,0.0,0.0,0.0,7,3,а╓╥╝гя╟Х╧л╦╦
гоц╣,ав╩Й╨╦,ав╩Й,2022-01-17,4.1,8.9,17.8,0.6,7.9,103.9,0.0,0.0,0.0,0.0,0.0,9,6,а╓╥╝гя╟Х╧л╦╦
гоц╣,ав╩Й╨╦,ав╩Й,2022-01-24,4.7,8.8,16.3,0.6,7.9,85.1,0.0,0.0,0.0,0.0,0.0,8,4,а╓╥╝гя╟Х╧л╦╦
гоц╣,ав╩Й╨╦,ав╩Й,2022-02-03,5.2,8.2,14.3,0.7,5.4,39.8,0.0,0.0,0.0,0.0,0.0,9,5,а╓╥╝гя╟Х╧л╦╦
гоц╣,ав╩Й╨╦,ав╩Й,2022-02-07,4.7,8.4,14.7,0.7,6.6,48.9,0.0,0.0,0.0,0.0,0.0,9,2,а╓╥╝гя╟Х╧л╦╦
гоц╣,ав╩Й╨╦,ав╩Й,2022-02-14,6.2,8.2,13.7,0.8,6.4,31.9,0.0,0.0,0.0,0.0,0.0,14,9,а╓╥╝гя╟Х╧л╦╦
гоц╣,ав╩Й╨╦,ав╩Й,2022-02-21,5.5,7.7,11.9,1.0,6.0,11.7,0.0,0.0,0.0,0.0,0.0,10,6,а╓╥╝гя╟Х╧л╦╦
гоц╣,ав╩Й╨╦,ав╩Й,2022-02-28,6.3,7.5,10.9,1.0,6.9,12.2,0.0,0.0,0.0,0.0,0.0,11,3,а╓╥╝гя╟Х╧л╦╦
гоц╣,ав╩Й╨╦,ав╩Й,2022-03-07,8.2,7.3,10.2,0.9,5.0,7.3,0.0,0.0,0.0,0.0,0.0,7,2,а╓╥╝гя╟Х╧л╦╦
гоц╣,ав╩Й╨╦,ав╩Й,2022-03-14,12.1,7.1,9.5,1.0,4.6,34.7,0.0,0.0,0.0,0.0,0.0,10,4,а╓╥╝гя╟Х╧л╦╦
гоц╣,ав╩Й╨╦,ав╩Й,2022-03-21,11.8,7.0,7.6,1.0,5.2,12.9,0.0,0.0,0.0,0.0,0.0,8,3,а╓╥╝гя╟Х╧л╦╦
гоц╣,ав╩Й╨╦,ав╩Й,2022-03-28,13.7,7.4,9.9,0.4,12.1,36.9,0.0,0.0,0.0,0.0,0.0,8,3,а╓╥╝гя╟Х╧л╦╦
гоц╣,ав╩Й╨╦,ав╩Й,2022-04-04,14.3,7.3,11.5,0.8,7.6,40.5,0.0,0.0,0.0,0.0,0.0,10,5,а╓╥╝гя╟Х╧л╦╦
гоц╣,ав╩Й╨╦,ав╩Й,2022-04-11,17.3,8.0,10.9,0.8,5.9,30.6,0.0,0.0,0.0,0.0,0.0,6,4,а╓╥╝гя╟Х╧л╦╦
гоц╣,ав╩Й╨╦,ав╩Й,2022-04-18,18.9,8.5,12.0,0.6,8.7,108.5,0.0,0.0,0.0,0.0,0.0,7,6,а╓╥╝гя╟Х╧л╦╦
гоц╣,ав╩Й╨╦,ав╩Й,2022-04-25,20.3,8.3,10.5,0.6,6.3,82.3,100.0,0.0,0.0,0.0,100.0,8,7,а╓╥╝гя╟Х╧л╦╦
гоц╣,ав╩Й╨╦,ав╩Й,2022-05-02,20.1,6.9,5.1,0.7,8.5,11.0,0.0,0.0,0.0,0.0,0.0,9,9,а╓╥╝гя╟Х╧л╦╦
гоц╣,ав╩Й╨╦,ав╩Й,2022-05-09,21.0,6.9,6.5,0.6,6.8,19.9,0.0,0.0,0.0,0.0,0.0,44,11,а╓╥╝гя╟Х╧л╦╦
гоц╣,ав╩Й╨╦,ав╩Й,2022-05-16,20.8,7.3,8.1,0.6,7.0,35.7,0.0,0.0,0.0,0.0,0.0,312,9,а╓╥╝гя╟Х╧л╦╦
гоц╣,ав╩Й╨╦,ав╩Й,2022-05-23,23.1,8.7,14.1,0.6,7.7,85.6,10325.0,1950.0,2350.0,0.0,6025.0,690,11,0.3
